UserId,SurveyId,ANS_Q1,ANS_Q2,ANS_Q3,ANS_Q4
42,1,3.0,-1,,
296,1,5.0,-1,,
1793,1,-1.0,6,,
2411,1,-1.0,1,,
2634,1,3.0,-1,,
2957,1,-1.0,2,,
3714,1,7.0,-1,,
4682,1,-1.0,3,,
5178,1,-1.0,8,,
6131,1,9.0,-1,,
7347,1,9.0,-1,,
8245,1,1.0,-1,,
8412,1,-1.0,3,,
9272,1,5.0,-1,,
9584,1,9.0,-1,,
10291,1,5.0,-1,,
10541,1,4.0,-1,,
10976,1,-1.0,5,,
12119,1,7.0,-1,,
12447,1,6.0,-1,,
13187,1,8.0,-1,,
15248,1,0.0,-1,,
15984,1,3.0,-1,,
16434,1,0.0,-1,,
17609,1,-1.0,6,,
18176,1,-1.0,6,,
18636,1,-1.0,1,,
18730,1,0.0,-1,,
19156,1,-1.0,3,,
19354,1,-1.0,5,,
19662,1,1.0,-1,,
20039,1,-1.0,8,,
20108,1,0.0,-1,,
21617,1,2.0,-1,,
22382,1,5.0,-1,,
22453,1,-1.0,0,,
22766,1,6.0,-1,,
24063,1,4.0,-1,,
24610,1,0.0,-1,,
25088,1,9.0,-1,,
25149,1,2.0,-1,,
25937,1,-1.0,8,,
26465,1,3.0,-1,,
26941,1,3.0,-1,,
27198,1,-1.0,5,,
27496,1,-1.0,2,,
27553,1,7.0,-1,,
30100,1,-1.0,0,,
30480,1,1.0,-1,,
30913,1,0.0,-1,,
31404,1,-1.0,0,,
33206,1,-1.0,9,,
33462,1,-1.0,2,,
33467,1,-1.0,8,,
34048,1,-1.0,9,,
34052,1,-1.0,3,,
37128,1,-1.0,0,,
38149,1,-1.0,8,,
38529,1,-1.0,7,,
40300,1,8.0,-1,,
40592,1,7.0,-1,,
42469,1,7.0,-1,,
42760,1,2.0,-1,,
43951,1,3.0,-1,,
44003,1,-1.0,9,,
44108,1,-1.0,5,,
44504,1,-1.0,5,,
44561,1,-1.0,4,,
44796,1,5.0,-1,,
44935,1,1.0,-1,,
46080,1,1.0,-1,,
46294,1,-1.0,9,,
46518,1,-1.0,0,,
46700,1,-1.0,7,,
46831,1,-1.0,4,,
47770,1,1.0,-1,,
47868,1,-1.0,1,,
49323,1,-1.0,7,,
49327,1,-1.0,0,,
49501,1,-1.0,7,,
49868,1,0.0,-1,,
49871,1,-1.0,6,,
50238,1,-1.0,3,,
50610,1,3.0,-1,,
51840,1,-1.0,3,,
52365,1,-1.0,6,,
53834,1,3.0,-1,,
53969,1,6.0,-1,,
55266,1,0.0,-1,,
56596,1,0.0,-1,,
56749,1,5.0,-1,,
57246,1,-1.0,4,,
57596,1,4.0,-1,,
58217,1,-1.0,1,,
59348,1,2.0,-1,,
61364,1,2.0,-1,,
61390,1,-1.0,8,,
61771,1,-1.0,5,,
62069,1,-1.0,5,,
62332,1,-1.0,3,,
63159,1,1.0,-1,,
63587,1,9.0,-1,,
64104,1,-1.0,5,,
65563,1,6.0,-1,,
67220,1,8.0,-1,,
67267,1,-1.0,3,,
67439,1,-1.0,9,,
67769,1,7.0,-1,,
67988,1,-1.0,0,,
68366,1,8.0,-1,,
68427,1,4.0,-1,,
68564,1,0.0,-1,,
70292,1,-1.0,4,,
70324,1,-1.0,6,,
70678,1,0.0,-1,,
71346,1,8.0,-1,,
72701,1,0.0,-1,,
73351,1,1.0,-1,,
74377,1,4.0,-1,,
74546,1,-1.0,5,,
74936,1,-1.0,1,,
75447,1,3.0,-1,,
75853,1,6.0,-1,,
75871,1,8.0,-1,,
76045,1,-1.0,4,,
76494,1,2.0,-1,,
76845,1,4.0,-1,,
77225,1,6.0,-1,,
78166,1,-1.0,3,,
78743,1,-1.0,9,,
80858,1,7.0,-1,,
80995,1,1.0,-1,,
81619,1,-1.0,7,,
82582,1,7.0,-1,,
82665,1,-1.0,8,,
82686,1,-1.0,4,,
83434,1,-1.0,4,,
84483,1,9.0,-1,,
85171,1,8.0,-1,,
85698,1,2.0,-1,,
85838,1,5.0,-1,,
86321,1,-1.0,7,,
86455,1,-1.0,3,,
88457,1,-1.0,5,,
88771,1,0.0,-1,,
89471,1,6.0,-1,,
89598,1,7.0,-1,,
90085,1,6.0,-1,,
90362,1,7.0,-1,,
90519,1,-1.0,1,,
90849,1,-1.0,0,,
90902,1,0.0,-1,,
92758,1,9.0,-1,,
93002,1,4.0,-1,,
93008,1,0.0,-1,,
93088,1,9.0,-1,,
93754,1,5.0,-1,,
93908,1,0.0,-1,,
94681,1,-1.0,8,,
95954,1,4.0,-1,,
96089,1,-1.0,9,,
96681,1,4.0,-1,,
97180,1,8.0,-1,,
97521,1,2.0,-1,,
99195,1,1.0,-1,,
99285,1,3.0,-1,,
99942,1,-1.0,0,,
100019,1,0.0,-1,,
100504,1,-1.0,3,,
100816,1,-1.0,2,,
101379,1,-1.0,6,,
101401,1,-1.0,7,,
101848,1,8.0,-1,,
102169,1,3.0,-1,,
102171,1,2.0,-1,,
102240,1,-1.0,4,,
102637,1,9.0,-1,,
102827,1,-1.0,2,,
103035,1,-1.0,4,,
103222,1,-1.0,3,,
103366,1,-1.0,1,,
104197,1,-1.0,9,,
104697,1,-1.0,6,,
105768,1,6.0,-1,,
107630,1,4.0,-1,,
107948,1,7.0,-1,,
107964,1,4.0,-1,,
107999,1,-1.0,0,,
108719,1,5.0,-1,,
108725,1,-1.0,9,,
109733,1,6.0,-1,,
110279,1,2.0,-1,,
110500,1,2.0,-1,,
111366,1,-1.0,7,,
111558,1,-1.0,4,,
111911,1,-1.0,6,,
112264,1,6.0,-1,,
113785,1,1.0,-1,,
114043,1,-1.0,5,,
114650,1,3.0,-1,,
115465,1,-1.0,4,,
115881,1,-1.0,3,,
116093,1,0.0,-1,,
116529,1,4.0,-1,,
117337,1,9.0,-1,,
117610,1,9.0,-1,,
118379,1,5.0,-1,,
118789,1,5.0,-1,,
119599,1,-1.0,4,,
119765,1,0.0,-1,,
119768,1,-1.0,0,,
119946,1,-1.0,8,,
120524,1,-1.0,3,,
121546,1,-1.0,0,,
122858,1,-1.0,6,,
122965,1,4.0,-1,,
123837,1,8.0,-1,,
124981,1,-1.0,5,,
125855,1,4.0,-1,,
126665,1,5.0,-1,,
126749,1,-1.0,1,,
127330,1,-1.0,3,,
128261,1,-1.0,6,,
128274,1,0.0,-1,,
129430,1,-1.0,3,,
129796,1,-1.0,9,,
129853,1,-1.0,5,,
132005,1,-1.0,5,,
132293,1,-1.0,6,,
132430,1,-1.0,5,,
132644,1,0.0,-1,,
134322,1,-1.0,2,,
134692,1,3.0,-1,,
135419,1,-1.0,4,,
137259,1,2.0,-1,,
138010,1,1.0,-1,,
138210,1,9.0,-1,,
138304,1,-1.0,6,,
138998,1,4.0,-1,,
139163,1,-1.0,8,,
139753,1,9.0,-1,,
140440,1,-1.0,8,,
140518,1,-1.0,6,,
140826,1,-1.0,7,,
141694,1,6.0,-1,,
142895,1,0.0,2,,
143261,1,-1.0,3,,
143794,1,-1.0,2,,
144057,1,3.0,-1,,
144365,1,3.0,-1,,
144720,1,6.0,-1,,
146106,1,-1.0,5,,
146179,1,4.0,-1,,
146432,1,7.0,-1,,
146761,1,1.0,-1,,
147910,1,-1.0,0,,
148275,1,-1.0,7,,
148652,1,3.0,-1,,
149708,1,-1.0,2,,
150933,1,-1.0,5,,
152229,1,3.0,-1,,
153179,1,0.0,-1,,
153554,1,-1.0,8,,
153557,1,-1.0,2,,
154122,1,3.0,-1,,
155666,1,6.0,-1,,
157688,1,1.0,-1,,
158000,1,8.0,-1,,
158077,1,-1.0,7,,
158480,1,8.0,-1,,
162499,1,-1.0,6,,
162776,1,-1.0,9,,
162876,1,-1.0,0,,
162983,1,-1.0,0,,
163403,1,-1.0,9,,
163409,1,-1.0,1,,
164786,1,0.0,-1,,
165643,1,-1.0,8,,
165704,1,-1.0,5,,
165975,1,0.0,-1,,
166208,1,3.0,-1,,
166352,1,5.0,-1,,
166438,1,-1.0,9,,
166601,1,7.0,-1,,
168865,1,-1.0,0,,
169146,1,0.0,-1,,
169678,1,9.0,-1,,
169746,1,4.0,-1,,
171812,1,0.0,-1,,
172147,1,-1.0,9,,
173416,1,-1.0,6,,
174264,1,-1.0,4,,
174477,1,9.0,-1,,
174556,1,4.0,-1,,
174742,1,-1.0,5,,
174864,1,3.0,-1,,
174977,1,-1.0,5,,
175158,1,1.0,-1,,
175246,1,4.0,-1,,
175277,1,-1.0,3,,
175494,1,0.0,-1,,
175951,1,1.0,-1,,
176091,1,3.0,-1,,
176160,1,-1.0,4,,
176590,1,0.0,-1,,
177943,1,6.0,-1,,
178611,1,-1.0,6,,
178891,1,-1.0,5,,
178961,1,2.0,-1,,
179353,1,6.0,-1,,
179468,1,3.0,-1,,
180638,1,4.0,-1,,
181899,1,9.0,-1,,
182008,1,6.0,-1,,
184153,1,-1.0,2,,
184514,1,-1.0,2,,
185638,1,-1.0,9,,
186661,1,7.0,-1,,
187180,1,4.0,-1,,
188252,1,-1.0,7,,
189182,1,1.0,-1,,
189345,1,4.0,-1,,
189744,1,-1.0,1,,
192717,1,-1.0,6,,
192720,1,-1.0,7,,
193475,1,6.0,-1,,
194116,1,3.0,-1,,
194690,1,-1.0,3,,
195178,1,-1.0,0,,
195422,1,0.0,-1,,
196002,1,-1.0,4,,
196457,1,-1.0,5,,
196832,1,6.0,-1,,
196876,1,6.0,-1,,
197190,1,-1.0,9,,
199608,1,-1.0,9,,
200221,1,0.0,-1,,
202680,1,7.0,-1,,
203081,1,-1.0,2,,
203585,1,-1.0,5,,
203915,1,7.0,-1,,
204707,1,4.0,-1,,
205423,1,-1.0,7,,
206537,1,-1.0,3,,
208311,1,-1.0,4,,
208478,1,-1.0,8,,
208625,1,7.0,-1,,
208721,1,-1.0,0,,
208817,1,6.0,-1,,
209559,1,1.0,-1,,
209660,1,3.0,-1,,
210669,1,-1.0,5,,
210975,1,0.0,-1,,
211865,1,-1.0,0,,
211957,1,6.0,-1,,
212676,1,6.0,-1,,
212695,1,7.0,-1,,
212848,1,-1.0,9,,
213248,1,6.0,-1,,
213855,1,-1.0,1,,
214938,1,8.0,-1,,
215171,1,6.0,-1,,
215675,1,-1.0,0,,
215875,1,-1.0,2,,
216319,1,-1.0,0,,
216787,1,-1.0,6,,
216862,1,-1.0,2,,
216876,1,-1.0,0,,
218029,1,4.0,-1,,
219040,1,2.0,-1,,
219152,1,9.0,-1,,
219551,1,4.0,-1,,
219885,1,-1.0,0,,
221001,1,-1.0,8,,
221065,1,-1.0,3,,
221582,1,-1.0,8,,
222279,1,9.0,-1,,
223230,1,-1.0,6,,
223846,1,8.0,-1,,
225790,1,5.0,-1,,
225972,1,3.0,-1,,
226388,1,7.0,-1,,
226530,1,4.0,-1,,
226663,1,-1.0,2,,
227278,1,9.0,-1,,
227568,1,3.0,-1,,
227731,1,-1.0,9,,
228696,1,4.0,-1,,
229399,1,1.0,-1,,
229817,1,4.0,-1,,
230063,1,-1.0,6,,
230249,1,0.0,-1,,
230279,1,-1.0,0,,
230451,1,7.0,-1,,
231792,1,-1.0,9,,
231803,1,4.0,-1,,
232326,1,-1.0,4,,
235058,1,-1.0,9,,
235446,1,2.0,-1,,
236053,1,-1.0,3,,
237271,1,2.0,-1,,
237635,1,-1.0,7,,
238211,1,6.0,-1,,
238599,1,7.0,-1,,
238784,1,4.0,-1,,
238840,1,-1.0,7,,
238965,1,-1.0,4,,
239411,1,4.0,-1,,
242106,1,1.0,-1,,
242630,1,2.0,-1,,
242639,1,-1.0,9,,
242822,1,0.0,-1,,
243341,1,-1.0,0,,
243936,1,6.0,-1,,
244956,1,4.0,-1,,
245509,1,0.0,-1,,
245659,1,9.0,-1,,
245969,1,-1.0,7,,
246795,1,9.0,-1,,
246824,1,-1.0,3,,
247360,1,1.0,-1,,
248381,1,-1.0,2,,
248525,1,-1.0,8,,
248552,1,-1.0,4,,
248716,1,9.0,-1,,
249653,1,8.0,-1,,
249747,1,-1.0,9,,
250122,1,-1.0,1,,
250865,1,6.0,-1,,
251060,1,-1.0,9,,
251473,1,7.0,-1,,
252001,1,-1.0,3,,
252225,1,-1.0,9,,
252295,1,-1.0,1,,
252921,1,6.0,-1,,
253072,1,3.0,-1,,
253532,1,8.0,-1,,
254353,1,-1.0,9,,
254435,1,0.0,-1,,
255809,1,-1.0,4,,
256160,1,-1.0,8,,
256267,1,-1.0,1,,
257128,1,3.0,-1,,
257309,1,4.0,-1,,
258363,1,6.0,-1,,
258661,1,-1.0,6,,
260296,1,7.0,-1,,
260647,1,-1.0,4,,
261507,1,1.0,-1,,
263890,1,-1.0,9,,
264148,1,2.0,-1,,
264500,1,3.0,-1,,
265340,1,2.0,-1,,
265745,1,-1.0,1,,
266349,1,6.0,-1,,
268321,1,6.0,-1,,
269426,1,-1.0,8,,
269447,1,6.0,-1,,
270385,1,9.0,-1,,
270511,1,2.0,-1,,
270823,1,-1.0,3,,
271447,1,1.0,-1,,
273862,1,5.0,-1,,
274141,1,-1.0,3,,
274375,1,-1.0,5,,
274557,1,2.0,-1,,
274971,1,-1.0,9,,
275959,1,1.0,-1,,
276719,1,7.0,-1,,
278009,1,2.0,-1,,
278022,1,-1.0,9,,
278351,1,-1.0,2,,
279432,1,-1.0,4,,
279570,1,-1.0,9,,
280294,1,-1.0,7,,
282602,1,-1.0,8,,
283049,1,-1.0,7,,
284632,1,7.0,-1,,
284790,1,1.0,-1,,
284886,1,2.0,-1,,
286150,1,-1.0,1,,
286196,1,-1.0,1,,
286829,1,-1.0,9,,
289694,1,-1.0,4,,
289887,1,8.0,-1,,
290141,1,5.0,-1,,
290214,1,-1.0,1,,
290351,1,3.0,-1,,
291772,1,5.0,-1,,
291979,1,-1.0,5,,
292358,1,-1.0,1,,
293682,1,2.0,-1,,
293716,1,-1.0,7,,
293951,1,-1.0,0,,
294441,1,7.0,-1,,
296022,1,6.0,-1,,
296064,1,-1.0,3,,
296236,1,8.0,-1,,
296392,1,-1.0,8,,
296556,1,9.0,-1,,
297530,1,-1.0,8,,
298427,1,0.0,-1,,
298778,1,5.0,-1,,
299185,1,-1.0,9,,
299938,1,-1.0,2,,
300027,1,3.0,-1,,
302621,1,-1.0,5,,
302939,1,-1.0,8,,
303659,1,-1.0,0,,
304401,1,9.0,-1,,
305635,1,-1.0,6,,
306314,1,5.0,-1,,
307228,1,-1.0,0,,
308916,1,-1.0,8,,
309318,1,8.0,-1,,
309390,1,-1.0,9,,
309584,1,0.0,-1,,
311144,1,-1.0,8,,
311238,1,-1.0,2,,
312228,1,-1.0,9,,
312482,1,1.0,-1,,
313285,1,7.0,-1,,
314130,1,-1.0,2,,
315414,1,-1.0,6,,
316027,1,2.0,-1,,
316269,1,-1.0,3,,
316563,1,-1.0,8,,
316857,1,0.0,-1,,
316935,1,8.0,-1,,
317118,1,4.0,-1,,
318103,1,-1.0,0,,
318907,1,-1.0,4,,
319891,1,2.0,-1,,
320494,1,3.0,-1,,
320928,1,0.0,-1,,
320970,1,1.0,-1,,
324024,1,6.0,-1,,
324103,1,-1.0,0,,
325030,1,-1.0,9,,
326760,1,-1.0,3,,
326932,1,5.0,-1,,
327214,1,9.0,-1,,
327581,1,4.0,-1,,
327646,1,7.0,-1,,
328319,1,4.0,-1,,
329009,1,-1.0,9,,
330048,1,0.0,-1,,
330760,1,-1.0,5,,
330913,1,1.0,-1,,
331007,1,-1.0,9,,
333277,1,-1.0,6,,
335337,1,7.0,-1,,
335486,1,4.0,-1,,
335788,1,0.0,-1,,
335934,1,9.0,-1,,
336040,1,-1.0,1,,
336364,1,-1.0,1,,
336734,1,-1.0,1,,
336967,1,-1.0,7,,
337239,1,-1.0,7,,
337373,1,6.0,-1,,
337941,1,2.0,-1,,
338053,1,-1.0,2,,
338447,1,3.0,-1,,
338772,1,-1.0,6,,
340872,1,2.0,-1,,
341461,1,4.0,-1,,
341835,1,4.0,-1,,
343388,1,-1.0,5,,
343446,1,6.0,-1,,
343615,1,-1.0,1,,
344123,1,-1.0,5,,
344209,1,8.0,-1,,
344554,1,3.0,-1,,
345650,1,-1.0,3,,
346336,1,4.0,-1,,
346390,1,7.0,-1,,
347898,1,0.0,-1,,
348089,1,-1.0,3,,
348140,1,2.0,-1,,
348193,1,5.0,-1,,
350864,1,-1.0,7,,
351342,1,6.0,-1,,
351365,1,2.0,-1,,
351775,1,-1.0,4,,
352850,1,-1.0,2,,
353699,1,0.0,-1,,
354787,1,-1.0,9,,
354933,1,-1.0,9,,
355595,1,-1.0,0,,
355697,1,-1.0,1,,
356144,1,8.0,-1,,
356798,1,5.0,-1,,
356974,1,4.0,-1,,
357827,1,-1.0,3,,
358340,1,-1.0,7,,
358950,1,-1.0,1,,
359621,1,-1.0,5,,
360209,1,-1.0,5,,
361022,1,-1.0,9,,
362010,1,3.0,-1,,
362162,1,0.0,-1,,
363199,1,-1.0,6,,
363924,1,-1.0,2,,
364787,1,5.0,-1,,
366637,1,5.0,-1,,
366651,1,0.0,-1,,
369103,1,7.0,-1,,
369171,1,4.0,-1,,
370986,1,-1.0,4,,
372972,1,-1.0,8,,
373646,1,0.0,-1,,
375363,1,3.0,-1,,
377976,1,-1.0,8,,
379030,1,-1.0,3,,
379185,1,-1.0,5,,
379287,1,-1.0,8,,
380508,1,4.0,-1,,
381503,1,5.0,-1,,
382619,1,0.0,-1,,
382641,1,0.0,-1,,
383043,1,7.0,-1,,
384683,1,9.0,-1,,
385264,1,8.0,-1,,
385665,1,5.0,-1,,
386264,1,3.0,-1,,
386433,1,8.0,-1,,
387058,1,6.0,-1,,
387262,1,6.0,-1,,
387472,1,9.0,-1,,
387538,1,-1.0,7,,
388494,1,6.0,-1,,
388650,1,3.0,-1,,
388820,1,4.0,-1,,
389228,1,3.0,-1,,
389887,1,3.0,-1,,
390050,1,1.0,-1,,
390262,1,-1.0,4,,
390929,1,1.0,-1,,
391892,1,-1.0,1,,
392104,1,-1.0,3,,
392683,1,3.0,-1,,
393262,1,-1.0,9,,
393297,1,-1.0,9,,
393733,1,-1.0,7,,
394534,1,4.0,-1,,
395677,1,0.0,-1,,
395755,1,-1.0,2,,
395996,1,0.0,-1,,
397297,1,7.0,-1,,
397434,1,0.0,-1,,
397479,1,-1.0,8,,
397755,1,-1.0,7,,
398546,1,-1.0,0,,
398924,1,0.0,-1,,
400074,1,0.0,-1,,
400096,1,8.0,-1,,
400674,1,-1.0,4,,
401456,1,6.0,-1,,
401637,1,9.0,-1,,
402330,1,1.0,-1,,
402476,1,-1.0,3,,
402833,1,-1.0,0,,
402885,1,-1.0,8,,
402892,1,1.0,-1,,
403315,1,9.0,-1,,
405772,1,0.0,-1,,
405945,1,3.0,-1,,
406597,1,-1.0,1,,
410217,1,-1.0,4,,
410729,1,-1.0,4,,
411749,1,4.0,-1,,
411769,1,4.0,-1,,
412155,1,-1.0,5,,
413260,1,-1.0,7,,
413826,1,-1.0,3,,
414336,1,3.0,-1,,
414617,1,6.0,-1,,
415355,1,7.0,-1,,
416098,1,8.0,-1,,
416862,1,-1.0,1,,
416869,1,-1.0,8,,
418192,1,6.0,-1,,
418714,1,-1.0,9,,
420226,1,-1.0,3,,
420733,1,-1.0,1,,
421365,1,6.0,-1,,
421614,1,-1.0,4,,
422734,1,-1.0,2,,
422797,1,1.0,-1,,
422804,1,7.0,-1,,
424137,1,1.0,-1,,
426071,1,-1.0,5,,
427315,1,0.0,-1,,
427684,1,-1.0,5,,
428050,1,7.0,-1,,
428159,1,8.0,-1,,
428562,1,4.0,-1,,
429467,1,7.0,-1,,
429903,1,2.0,-1,,
430353,1,8.0,-1,,
431195,1,0.0,-1,,
431879,1,2.0,-1,,
432100,1,-1.0,0,,
432800,1,0.0,-1,,
433509,1,-1.0,6,,
434274,1,-1.0,4,,
434373,1,-1.0,0,,
434891,1,-1.0,9,,
435058,1,-1.0,2,,
435727,1,7.0,-1,,
436349,1,-1.0,3,,
436607,1,-1.0,3,,
437677,1,-1.0,5,,
437776,1,-1.0,2,,
438103,1,5.0,-1,,
439021,1,-1.0,4,,
439162,1,1.0,-1,,
439201,1,-1.0,5,,
441529,1,8.0,-1,,
441930,1,-1.0,5,,
442068,1,1.0,-1,,
442585,1,-1.0,8,,
443022,1,7.0,-1,,
443364,1,-1.0,3,,
443632,1,1.0,-1,,
443804,1,0.0,-1,,
444324,1,-1.0,1,,
444591,1,6.0,-1,,
444997,1,8.0,-1,,
445179,1,3.0,-1,,
445738,1,4.0,-1,,
446739,1,9.0,-1,,
446985,1,-1.0,8,,
447160,1,-1.0,3,,
447312,1,5.0,-1,,
448246,1,8.0,-1,,
448525,1,-1.0,6,,
448562,1,4.0,-1,,
448844,1,7.0,-1,,
449558,1,2.0,-1,,
450042,1,-1.0,0,,
450338,1,-1.0,0,,
450979,1,3.0,-1,,
451602,1,4.0,-1,,
451632,1,-1.0,7,,
452996,1,-1.0,7,,
453639,1,2.0,-1,,
453711,1,-1.0,8,,
454028,1,8.0,-1,,
454123,1,-1.0,2,,
454253,1,2.0,-1,,
454268,1,-1.0,8,,
456917,1,8.0,-1,,
457570,1,-1.0,8,,
457771,1,8.0,-1,,
458942,1,4.0,-1,,
459202,1,8.0,-1,,
459361,1,-1.0,3,,
461384,1,1.0,-1,,
461428,1,0.0,-1,,
461686,1,1.0,-1,,
461706,1,-1.0,8,,
461781,1,8.0,-1,,
462087,1,-1.0,8,,
463035,1,4.0,-1,,
463074,1,3.0,-1,,
463452,1,8.0,-1,,
463643,1,5.0,-1,,
464510,1,6.0,-1,,
464704,1,-1.0,7,,
465292,1,1.0,-1,,
466289,1,7.0,-1,,
466290,1,2.0,-1,,
467581,1,5.0,-1,,
467716,1,2.0,-1,,
467849,1,5.0,-1,,
468855,1,9.0,-1,,
469100,1,4.0,-1,,
469496,1,-1.0,6,,
470004,1,0.0,-1,,
471346,1,-1.0,9,,
471995,1,-1.0,2,,
472304,1,2.0,-1,,
473154,1,8.0,-1,,
473335,1,-1.0,6,,
473390,1,8.0,-1,,
473598,1,-1.0,9,,
473815,1,0.0,-1,,
475010,1,-1.0,2,,
475356,1,-1.0,5,,
476349,1,-1.0,8,,
476537,1,-1.0,8,,
476983,1,-1.0,1,,
477753,1,0.0,-1,,
477854,1,-1.0,0,,
478339,1,-1.0,2,,
480200,1,-1.0,7,,
480462,1,1.0,-1,,
480831,1,-1.0,8,,
481321,1,-1.0,6,,
482345,1,-1.0,6,,
482805,1,1.0,-1,,
482944,1,-1.0,6,,
483687,1,-1.0,6,,
483878,1,-1.0,8,,
484081,1,6.0,-1,,
484398,1,4.0,-1,,
485575,1,3.0,-1,,
486263,1,-1.0,2,,
486753,1,9.0,-1,,
486900,1,4.0,-1,,
486979,1,8.0,-1,,
487397,1,-1.0,1,,
487425,1,-1.0,1,,
488982,1,-1.0,4,,
488989,1,-1.0,6,,
489163,1,4.0,-1,,
489410,1,3.0,-1,,
489630,1,-1.0,5,,
489858,1,-1.0,9,,
491292,1,-1.0,6,,
491918,1,1.0,-1,,
492351,1,2.0,-1,,
492708,1,-1.0,6,,
493934,1,-1.0,5,,
494449,1,-1.0,4,,
494989,1,7.0,-1,,
495248,1,-1.0,2,,
495447,1,-1.0,4,,
495626,1,-1.0,0,,
495766,1,2.0,-1,,
495969,1,-1.0,3,,
497041,1,-1.0,8,,
498702,1,-1.0,6,,
499102,1,-1.0,7,,
499622,1,-1.0,9,,
499749,1,-1.0,8,,
499804,1,5.0,-1,,
500332,1,2.0,-1,,
501508,1,8.0,-1,,
501743,1,-1.0,2,,
501781,1,-1.0,9,,
502376,1,-1.0,7,,
502536,1,-1.0,9,,
503356,1,2.0,-1,,
503453,1,-1.0,5,,
503524,1,3.0,-1,,
504925,1,1.0,-1,,
505414,1,8.0,-1,,
505417,1,8.0,-1,,
505575,1,-1.0,3,,
505593,1,8.0,-1,,
505785,1,8.0,-1,,
506753,1,-1.0,5,,
507743,1,5.0,-1,,
508664,1,-1.0,7,,
509277,1,-1.0,0,,
509374,1,-1.0,7,,
509483,1,1.0,-1,,
509662,1,3.0,-1,,
511361,1,9.0,-1,,
511928,1,-1.0,1,,
512652,1,-1.0,8,,
512848,1,3.0,-1,,
513260,1,-1.0,2,,
513659,1,-1.0,1,,
514820,1,3.0,-1,,
515568,1,9.0,-1,,
515674,1,-1.0,9,,
516382,1,7.0,-1,,
517232,1,-1.0,4,,
517310,1,0.0,-1,,
517344,1,6.0,-1,,
518601,1,-1.0,5,,
518670,1,9.0,-1,,
520032,1,-1.0,6,,
520442,1,2.0,-1,,
522243,1,3.0,-1,,
524257,1,7.0,-1,,
524575,1,4.0,-1,,
526714,1,-1.0,1,,
528145,1,0.0,-1,,
529820,1,3.0,-1,,
529906,1,-1.0,3,,
529929,1,-1.0,4,,
530119,1,8.0,-1,,
530402,1,-1.0,5,,
531143,1,5.0,-1,,
531526,1,5.0,-1,,
531979,1,8.0,-1,,
532575,1,5.0,-1,,
532853,1,-1.0,0,,
532905,1,2.0,-1,,
534148,1,-1.0,7,,
534640,1,-1.0,2,,
535290,1,5.0,-1,,
535685,1,-1.0,4,,
536049,1,-1.0,8,,
536279,1,3.0,-1,,
537328,1,2.0,-1,,
537863,1,6.0,-1,,
538071,1,-1.0,9,,
540393,1,8.0,-1,,
540496,1,8.0,-1,,
541404,1,6.0,-1,,
541458,1,9.0,-1,,
542437,1,-1.0,4,,
542683,1,5.0,-1,,
543310,1,8.0,-1,,
543585,1,-1.0,5,,
543732,1,-1.0,9,,
546012,1,-1.0,7,,
546104,1,9.0,-1,,
546145,1,-1.0,1,,
547065,1,-1.0,5,,
547247,1,7.0,-1,,
547834,1,-1.0,8,,
549451,1,-1.0,0,,
549816,1,-1.0,3,,
551093,1,9.0,-1,,
551369,1,-1.0,2,,
551431,1,2.0,-1,,
552033,1,-1.0,1,,
553065,1,6.0,-1,,
553101,1,6.0,-1,,
555334,1,4.0,-1,,
557936,1,8.0,-1,,
559305,1,4.0,-1,,
560084,1,8.0,-1,,
561423,1,2.0,-1,,
561755,1,0.0,-1,,
561878,1,3.0,-1,,
562275,1,-1.0,3,,
562859,1,-1.0,2,,
564328,1,5.0,-1,,
564370,1,3.0,-1,,
564837,1,5.0,-1,,
565538,1,-1.0,1,,
565966,1,5.0,-1,,
567296,1,-1.0,3,,
567310,1,7.0,-1,,
567780,1,1.0,-1,,
571389,1,1.0,-1,,
571469,1,0.0,-1,,
572258,1,-1.0,8,,
572296,1,-1.0,8,,
572983,1,-1.0,3,,
573108,1,0.0,-1,,
573503,1,5.0,-1,,
573964,1,-1.0,9,,
574117,1,0.0,-1,,
575223,1,8.0,-1,,
575762,1,3.0,-1,,
575879,1,-1.0,9,,
576138,1,5.0,-1,,
577417,1,6.0,-1,,
577472,1,9.0,-1,,
577949,1,6.0,-1,,
577966,1,6.0,-1,,
578343,1,3.0,-1,,
579572,1,-1.0,4,,
579820,1,8.0,-1,,
579985,1,-1.0,8,,
580463,1,5.0,-1,,
581211,1,-1.0,9,,
581220,1,5.0,-1,,
581314,1,8.0,-1,,
581399,1,-1.0,5,,
582711,1,7.0,-1,,
582836,1,-1.0,2,,
583160,1,0.0,-1,,
583949,1,7.0,-1,,
584538,1,9.0,-1,,
585118,1,6.0,-1,,
585157,1,-1.0,6,,
586632,1,7.0,-1,,
586786,1,7.0,-1,,
586861,1,-1.0,2,,
588572,1,-1.0,8,,
590047,1,-1.0,3,,
590808,1,7.0,-1,,
591731,1,7.0,-1,,
591903,1,-1.0,6,,
593247,1,0.0,-1,,
595467,1,-1.0,2,,
597280,1,-1.0,2,,
597345,1,-1.0,0,,
597446,1,5.0,-1,,
599109,1,6.0,-1,,
599486,1,-1.0,0,,
599608,1,6.0,-1,,
599831,1,-1.0,5,,
600547,1,8.0,-1,,
600759,1,-1.0,2,,
601985,1,-1.0,0,,
602359,1,0.0,-1,,
602369,1,0.0,-1,,
603007,1,-1.0,5,,
603509,1,5.0,-1,,
604277,1,6.0,-1,,
605890,1,8.0,-1,,
607671,1,8.0,-1,,
608971,1,-1.0,1,,
609268,1,-1.0,0,,
609793,1,-1.0,5,,
610461,1,0.0,-1,,
610687,1,-1.0,3,,
610855,1,1.0,-1,,
611056,1,-1.0,0,,
611507,1,-1.0,4,,
611847,1,-1.0,9,,
612305,1,-1.0,1,,
612891,1,-1.0,0,,
613185,1,-1.0,8,,
615029,1,-1.0,9,,
615052,1,7.0,-1,,
615113,1,8.0,-1,,
615486,1,-1.0,9,,
615999,1,1.0,-1,,
617164,1,-1.0,6,,
617505,1,8.0,-1,,
618078,1,1.0,-1,,
618415,1,-1.0,3,,
618567,1,7.0,-1,,
618722,1,7.0,-1,,
619454,1,7.0,-1,,
619592,1,0.0,-1,,
621064,1,9.0,-1,,
621578,1,-1.0,3,,
623206,1,5.0,-1,,
623333,1,-1.0,1,,
623635,1,7.0,-1,,
623671,1,1.0,-1,,
623926,1,-1.0,1,,
624686,1,-1.0,2,,
625953,1,-1.0,5,,
626582,1,-1.0,6,,
628754,1,-1.0,1,,
629078,1,-1.0,9,,
629979,1,6.0,-1,,
630770,1,7.0,-1,,
630805,1,8.0,-1,,
630835,1,7.0,-1,,
630944,1,-1.0,6,,
632047,1,-1.0,2,,
634314,1,9.0,-1,,
634796,1,3.0,-1,,
635048,1,0.0,-1,,
636482,1,-1.0,2,,
636680,1,-1.0,2,,
637223,1,-1.0,8,,
637379,1,8.0,-1,,
638061,1,-1.0,7,,
638751,1,0.0,-1,,
638978,1,-1.0,5,,
638983,1,8.0,-1,,
639039,1,3.0,-1,,
640155,1,9.0,-1,,
640355,1,-1.0,2,,
640467,1,-1.0,3,,
640737,1,7.0,-1,,
641333,1,9.0,-1,,
641630,1,1.0,-1,,
641732,1,5.0,-1,,
643913,1,7.0,-1,,
644314,1,4.0,-1,,
644330,1,-1.0,4,,
644627,1,-1.0,7,,
648297,1,8.0,-1,,
648800,1,-1.0,5,,
649791,1,-1.0,8,,
650502,1,-1.0,6,,
651466,1,-1.0,2,,
652009,1,6.0,-1,,
652103,1,-1.0,6,,
654562,1,-1.0,2,,
655714,1,8.0,-1,,
655824,1,-1.0,1,,
656249,1,3.0,-1,,
656744,1,-1.0,7,,
656832,1,-1.0,9,,
657660,1,1.0,-1,,
659052,1,-1.0,3,,
659091,1,5.0,-1,,
660666,1,6.0,-1,,
660751,1,2.0,-1,,
660983,1,5.0,-1,,
661549,1,-1.0,7,,
661582,1,9.0,-1,,
662216,1,6.0,-1,,
663086,1,1.0,-1,,
663465,1,0.0,-1,,
663942,1,4.0,-1,,
663974,1,7.0,-1,,
664959,1,-1.0,2,,
665358,1,3.0,-1,,
666715,1,-1.0,4,,
667125,1,0.0,-1,,
667513,1,5.0,-1,,
669803,1,-1.0,5,,
669943,1,-1.0,5,,
670154,1,-1.0,1,,
670656,1,-1.0,2,,
671728,1,1.0,-1,,
672304,1,-1.0,1,,
672648,1,-1.0,5,,
672720,1,9.0,-1,,
672826,1,-1.0,4,,
672928,1,8.0,-1,,
673210,1,-1.0,9,,
673314,1,7.0,-1,,
673365,1,7.0,-1,,
674647,1,9.0,6,,
674899,1,6.0,-1,,
675777,1,1.0,-1,,
678082,1,4.0,-1,,
678923,1,7.0,-1,,
679600,1,9.0,-1,,
679896,1,-1.0,8,,
682022,1,1.0,-1,,
682294,1,-1.0,2,,
683768,1,-1.0,9,,
683965,1,-1.0,5,,
684635,1,8.0,-1,,
685207,1,-1.0,2,,
685584,1,-1.0,3,,
685589,1,-1.0,8,,
686383,1,-1.0,4,,
686928,1,5.0,-1,,
687202,1,2.0,-1,,
688984,1,4.0,-1,,
689070,1,3.0,-1,,
689517,1,-1.0,1,,
690554,1,-1.0,8,,
690772,1,-1.0,3,,
691542,1,6.0,-1,,
691841,1,-1.0,6,,
692517,1,-1.0,4,,
694013,1,5.0,-1,,
694263,1,-1.0,3,,
695324,1,-1.0,8,,
695620,1,-1.0,7,,
696257,1,3.0,-1,,
696316,1,9.0,-1,,
699321,1,-1.0,8,,
699679,1,-1.0,1,,
701148,1,-1.0,4,,
701917,1,9.0,-1,,
702384,1,-1.0,3,,
702827,1,3.0,-1,,
702940,1,2.0,-1,,
703229,1,7.0,-1,,
703499,1,-1.0,2,,
704351,1,8.0,-1,,
704817,1,0.0,-1,,
707015,1,-1.0,2,,
708728,1,2.0,-1,,
709041,1,-1.0,7,,
709240,1,8.0,-1,,
710128,1,3.0,-1,,
710213,1,5.0,-1,,
711566,1,1.0,-1,,
711659,1,-1.0,3,,
712951,1,6.0,-1,,
714117,1,8.0,-1,,
714210,1,4.0,-1,,
714976,1,-1.0,5,,
715318,1,0.0,-1,,
715394,1,1.0,-1,,
715720,1,4.0,-1,,
715988,1,4.0,-1,,
716501,1,-1.0,7,,
717061,1,7.0,-1,,
719545,1,5.0,-1,,
719642,1,0.0,-1,,
719859,1,7.0,-1,,
719921,1,7.0,-1,,
720782,1,-1.0,7,,
720845,1,-1.0,7,,
722723,1,-1.0,6,,
723824,1,7.0,-1,,
725033,1,-1.0,4,,
725095,1,-1.0,9,,
727322,1,-1.0,8,,
728048,1,-1.0,4,,
729291,1,-1.0,3,,
730306,1,-1.0,0,,
731398,1,-1.0,7,,
731820,1,8.0,-1,,
732337,1,-1.0,0,,
732406,1,-1.0,0,,
732641,1,-1.0,5,,
732698,1,4.0,-1,,
732908,1,2.0,-1,,
733516,1,-1.0,9,,
736941,1,0.0,-1,,
737597,1,8.0,-1,,
737973,1,-1.0,7,,
738173,1,-1.0,6,,
738525,1,6.0,-1,,
739139,1,-1.0,9,,
739344,1,8.0,-1,,
739885,1,7.0,-1,,
740628,1,-1.0,9,,
740842,1,4.0,-1,,
741364,1,-1.0,9,,
741811,1,7.0,-1,,
742971,1,6.0,-1,,
743247,1,3.0,-1,,
743842,1,3.0,-1,,
744054,1,-1.0,2,,
744535,1,6.0,-1,,
745497,1,2.0,-1,,
746663,1,7.0,-1,,
747265,1,9.0,-1,,
747511,1,3.0,-1,,
747768,1,-1.0,2,,
747986,1,-1.0,9,,
749104,1,-1.0,4,,
749912,1,7.0,-1,,
750747,1,6.0,-1,,
752114,1,-1.0,4,,
752193,1,7.0,-1,,
753188,1,8.0,-1,,
753504,1,-1.0,9,,
754277,1,0.0,-1,,
754341,1,1.0,-1,,
754757,1,0.0,-1,,
755671,1,-1.0,0,,
756061,1,-1.0,0,,
756118,1,-1.0,6,,
756796,1,7.0,-1,,
757555,1,-1.0,5,,
759314,1,-1.0,2,,
760243,1,4.0,-1,,
760810,1,4.0,-1,,
761025,1,5.0,-1,,
761026,1,3.0,-1,,
761211,1,-1.0,9,,
764954,1,-1.0,6,,
765239,1,-1.0,6,,
765661,1,9.0,-1,,
766490,1,-1.0,8,,
767101,1,0.0,-1,,
767626,1,0.0,-1,,
767945,1,6.0,-1,,
768037,1,1.0,-1,,
768067,1,-1.0,9,,
768123,1,-1.0,5,,
769375,1,0.0,-1,,
769822,1,-1.0,3,,
770281,1,-1.0,8,,
770462,1,-1.0,1,,
770521,1,-1.0,4,,
771157,1,9.0,-1,,
772476,1,-1.0,8,,
772509,1,-1.0,4,,
772685,1,6.0,-1,,
772829,1,-1.0,7,,
772863,1,-1.0,4,,
773844,1,0.0,-1,,
777362,1,8.0,-1,,
778103,1,7.0,-1,,
778190,1,2.0,-1,,
780275,1,0.0,-1,,
780342,1,2.0,-1,,
780378,1,-1.0,0,,
781490,1,1.0,-1,,
781618,1,3.0,-1,,
782565,1,-1.0,2,,
782917,1,3.0,-1,,
783013,1,-1.0,6,,
783209,1,6.0,-1,,
784578,1,-1.0,9,,
784601,1,0.0,-1,,
784640,1,-1.0,8,,
784678,1,6.0,-1,,
785362,1,7.0,-1,,
785427,1,-1.0,2,,
785614,1,1.0,-1,,
788142,1,6.0,-1,,
788479,1,9.0,-1,,
789545,1,-1.0,5,,
789663,1,-1.0,1,,
789740,1,9.0,-1,,
790064,1,-1.0,9,,
790114,1,1.0,-1,,
791207,1,-1.0,9,,
791404,1,-1.0,3,,
792547,1,-1.0,6,,
792697,1,7.0,-1,,
793304,1,-1.0,3,,
793326,1,-1.0,1,,
793838,1,5.0,-1,,
794830,1,4.0,-1,,
795568,1,7.0,-1,,
796276,1,2.0,-1,,
796685,1,0.0,-1,,
797281,1,9.0,-1,,
797686,1,-1.0,7,,
797930,1,3.0,-1,,
798813,1,-1.0,2,,
798828,1,-1.0,3,,
798860,1,-1.0,2,,
799141,1,8.0,-1,,
799556,1,4.0,-1,,
799872,1,-1.0,0,,
802455,1,1.0,-1,,
803469,1,3.0,-1,,
803706,1,2.0,-1,,
804126,1,-1.0,2,,
804601,1,-1.0,2,,
805139,1,-1.0,2,,
805725,1,0.0,-1,,
807171,1,-1.0,5,,
808359,1,-1.0,0,,
808397,1,-1.0,3,,
809453,1,3.0,-1,,
809814,1,-1.0,1,,
809870,1,5.0,-1,,
810036,1,8.0,-1,,
810689,1,-1.0,9,,
810749,1,-1.0,2,,
811369,1,3.0,-1,,
811625,1,5.0,-1,,
812635,1,4.0,-1,,
813373,1,-1.0,6,,
813499,1,7.0,-1,,
814402,1,-1.0,6,,
814915,1,9.0,-1,,
815420,1,2.0,-1,,
816359,1,9.0,-1,,
817110,1,4.0,-1,,
817925,1,-1.0,8,,
818636,1,2.0,-1,,
819317,1,0.0,-1,,
819353,1,-1.0,1,,
820766,1,-1.0,7,,
820780,1,7.0,-1,,
821407,1,0.0,-1,,
821616,1,-1.0,0,,
821804,1,-1.0,3,,
821889,1,7.0,-1,,
822406,1,-1.0,5,,
824021,1,3.0,-1,,
824757,1,-1.0,3,,
824978,1,-1.0,1,,
826053,1,-1.0,5,,
826060,1,3.0,-1,,
826693,1,6.0,-1,,
827098,1,-1.0,7,,
827662,1,-1.0,0,,
827812,1,0.0,-1,,
828022,1,-1.0,7,,
828552,1,2.0,-1,,
829100,1,1.0,-1,,
830455,1,-1.0,6,,
830591,1,1.0,-1,,
831698,1,-1.0,5,,
831902,1,-1.0,3,,
832278,1,5.0,-1,,
832557,1,-1.0,0,,
833881,1,-1.0,1,,
834138,1,-1.0,7,,
834258,1,9.0,-1,,
834481,1,1.0,-1,,
834538,1,-1.0,0,,
834594,1,5.0,-1,,
834969,1,-1.0,3,,
835820,1,-1.0,8,,
835919,1,-1.0,6,,
836184,1,3.0,-1,,
837354,1,8.0,-1,,
837829,1,-1.0,4,,
837882,1,7.0,-1,,
837924,1,-1.0,4,,
837987,1,-1.0,4,,
839160,1,-1.0,2,,
839299,1,5.0,-1,,
840411,1,4.0,-1,,
840597,1,0.0,-1,,
841664,1,3.0,-1,,
841694,1,9.0,-1,,
842604,1,-1.0,9,,
842656,1,1.0,-1,,
842681,1,3.0,-1,,
842883,1,-1.0,0,,
843739,1,-1.0,0,,
844716,1,9.0,-1,,
845307,1,-1.0,9,,
845958,1,2.0,-1,,
846599,1,-1.0,8,,
847559,1,3.0,-1,,
847796,1,9.0,-1,,
847942,1,-1.0,7,,
848129,1,3.0,-1,,
848168,1,2.0,-1,,
848819,1,-1.0,2,,
849935,1,-1.0,5,,
850000,1,5.0,-1,,
850037,1,8.0,-1,,
850246,1,-1.0,6,,
850874,1,8.0,-1,,
851486,1,4.0,-1,,
851821,1,0.0,-1,,
852098,1,-1.0,1,,
853488,1,-1.0,8,,
855127,1,-1.0,2,,
855528,1,1.0,-1,,
855807,1,-1.0,8,,
856010,1,-1.0,7,,
856726,1,-1.0,9,,
857036,1,4.0,-1,,
857352,1,-1.0,3,,
857827,1,0.0,-1,,
858075,1,-1.0,8,,
858229,1,4.0,-1,,
858726,1,-1.0,3,,
858727,1,-1.0,1,,
861203,1,-1.0,3,,
861444,1,7.0,-1,,
862178,1,-1.0,1,,
863008,1,7.0,-1,,
863168,1,0.0,-1,,
863217,1,1.0,-1,,
863727,1,5.0,-1,,
864212,1,-1.0,8,,
864283,1,-1.0,6,,
864942,1,-1.0,4,,
865552,1,-1.0,5,,
866574,1,7.0,-1,,
867726,1,-1.0,9,,
868941,1,-1.0,6,,
869321,1,4.0,-1,,
870300,1,4.0,-1,,
870497,1,1.0,-1,,
870737,1,-1.0,5,,
873198,1,-1.0,3,,
874467,1,4.0,-1,,
874822,1,-1.0,2,,
875215,1,-1.0,1,,
875583,1,-1.0,7,,
875844,1,-1.0,4,,
877083,1,-1.0,4,,
877824,1,-1.0,3,,
878099,1,-1.0,8,,
879019,1,5.0,-1,,
879212,1,2.0,-1,,
879704,1,3.0,-1,,
880225,1,-1.0,8,,
881398,1,-1.0,3,,
882286,1,-1.0,7,,
882577,1,-1.0,8,,
882932,1,-1.0,8,,
883772,1,-1.0,3,,
883876,1,-1.0,0,,
884134,1,0.0,-1,,
884339,1,2.0,-1,,
885617,1,-1.0,7,,
885693,1,-1.0,3,,
885700,1,-1.0,3,,
885866,1,-1.0,5,,
887363,1,-1.0,0,,
887460,1,-1.0,7,,
888598,1,5.0,-1,,
888656,1,9.0,-1,,
888711,1,4.0,-1,,
888918,1,4.0,-1,,
889222,1,-1.0,5,,
891008,1,0.0,-1,,
891302,1,1.0,-1,,
892122,1,9.0,-1,,
894107,1,-1.0,9,,
895577,1,-1.0,5,,
895583,1,4.0,-1,,
895801,1,-1.0,1,,
896288,1,3.0,-1,,
896644,1,-1.0,9,,
897373,1,1.0,-1,,
897902,1,1.0,-1,,
899301,1,4.0,-1,,
900898,1,-1.0,3,,
902650,1,8.0,-1,,
902978,1,9.0,-1,,
903191,1,-1.0,1,,
903620,1,-1.0,9,,
904682,1,-1.0,4,,
905063,1,5.0,-1,,
906058,1,-1.0,0,,
906446,1,2.0,-1,,
906519,1,6.0,-1,,
906688,1,3.0,-1,,
906990,1,6.0,-1,,
907496,1,-1.0,2,,
907671,1,-1.0,5,,
908101,1,-1.0,1,,
908480,1,9.0,-1,,
910349,1,8.0,-1,,
911900,1,-1.0,1,,
913669,1,-1.0,0,,
913922,1,-1.0,5,,
914336,1,0.0,-1,,
915138,1,8.0,-1,,
916624,1,6.0,-1,,
916760,1,-1.0,6,,
916772,1,3.0,-1,,
917433,1,0.0,-1,,
917624,1,-1.0,4,,
917648,1,-1.0,2,,
919174,1,-1.0,6,,
919745,1,9.0,-1,,
920718,1,2.0,-1,,
921812,1,-1.0,0,,
921853,1,-1.0,4,,
922053,1,6.0,-1,,
922181,1,4.0,-1,,
923006,1,-1.0,9,,
925608,1,6.0,-1,,
926356,1,-1.0,7,,
926618,1,9.0,-1,,
927438,1,8.0,-1,,
927515,1,-1.0,4,,
929081,1,1.0,-1,,
929144,1,-1.0,0,,
929713,1,-1.0,1,,
930506,1,4.0,-1,,
931134,1,-1.0,9,,
931507,1,3.0,-1,,
932286,1,9.0,-1,,
932372,1,6.0,-1,,
932718,1,3.0,-1,,
933154,1,-1.0,8,,
933655,1,4.0,-1,,
934617,1,-1.0,1,,
935575,1,-1.0,5,,
935812,1,5.0,-1,,
935925,1,1.0,-1,,
937329,1,-1.0,2,,
937998,1,6.0,-1,,
938435,1,8.0,-1,,
938752,1,-1.0,6,,
939925,1,-1.0,8,,
940521,1,-1.0,8,,
941407,1,-1.0,4,,
941613,1,9.0,-1,,
941722,1,9.0,-1,,
942057,1,-1.0,9,,
942352,1,2.0,-1,,
945864,1,5.0,-1,,
946496,1,2.0,-1,,
947485,1,5.0,-1,,
947488,1,1.0,-1,,
947829,1,9.0,-1,,
948017,1,-1.0,4,,
948266,1,4.0,-1,,
949176,1,-1.0,1,,
949478,1,1.0,-1,,
951086,1,-1.0,5,,
951226,1,-1.0,8,,
952201,1,-1.0,9,,
952377,1,7.0,-1,,
952764,1,-1.0,0,,
953590,1,3.0,-1,,
954324,1,-1.0,9,,
954545,1,-1.0,3,,
954885,1,-1.0,0,,
954979,1,-1.0,2,,
955481,1,8.0,-1,,
956049,1,4.0,-1,,
956559,1,8.0,-1,,
956584,1,1.0,-1,,
957290,1,-1.0,4,,
957448,1,3.0,-1,,
957454,1,-1.0,0,,
957870,1,-1.0,3,,
959146,1,1.0,-1,,
961853,1,4.0,-1,,
962226,1,8.0,-1,,
962932,1,-1.0,7,,
964022,1,5.0,-1,,
965117,1,-1.0,9,,
965319,1,4.0,-1,,
965540,1,-1.0,6,,
965747,1,-1.0,7,,
966517,1,4.0,-1,,
966720,1,-1.0,4,,
966845,1,3.0,-1,,
967265,1,5.0,-1,,
967696,1,-1.0,1,,
968770,1,-1.0,2,,
968928,1,5.0,-1,,
969176,1,-1.0,8,,
970446,1,-1.0,6,,
970696,1,-1.0,8,,
972082,1,8.0,-1,,
972156,1,-1.0,4,,
972376,1,9.0,-1,,
973006,1,0.0,-1,,
973698,1,0.0,-1,,
973989,1,7.0,-1,,
974878,1,4.0,-1,,
975031,1,-1.0,3,,
975173,1,-1.0,1,,
975783,1,8.0,-1,,
976452,1,-1.0,8,,
977319,1,9.0,-1,,
977692,1,-1.0,1,,
977889,1,9.0,-1,,
979535,1,-1.0,9,,
980195,1,-1.0,2,,
981262,1,8.0,-1,,
981411,1,-1.0,2,,
981536,1,-1.0,9,,
983499,1,2.0,-1,,
984244,1,-1.0,0,,
984578,1,-1.0,6,,
985271,1,-1.0,0,,
986856,1,-1.0,6,,
987745,1,-1.0,8,,
988030,1,-1.0,3,,
988318,1,3.0,-1,,
988561,1,-1.0,1,,
989748,1,7.0,-1,,
989983,1,0.0,-1,,
990239,1,-1.0,8,,
990400,1,3.0,-1,,
990433,1,1.0,-1,,
991129,1,4.0,-1,,
991219,1,-1.0,3,,
991474,1,-1.0,9,,
991542,1,-1.0,7,,
992054,1,-1.0,8,,
992123,1,-1.0,4,,
993189,1,-1.0,5,,
993740,1,9.0,-1,,
994638,1,4.0,-1,,
995440,1,-1.0,6,,
996880,1,2.0,-1,,
997327,1,-1.0,4,,
997329,1,-1.0,3,,
997497,1,3.0,-1,,
998902,1,-1.0,9,,
1001116,1,6.0,-1,,
1001167,1,8.0,-1,,
1001676,1,6.0,-1,,
1001773,1,7.0,-1,,
1002410,1,9.0,-1,,
1002661,1,-1.0,9,,
1002854,1,-1.0,5,,
1005589,1,7.0,-1,,
1006385,1,-1.0,4,,
1007381,1,-1.0,1,,
1007714,1,5.0,-1,,
1008188,1,-1.0,9,,
1008378,1,8.0,-1,,
1008498,1,1.0,-1,,
1008673,1,-1.0,8,,
1009373,1,4.0,-1,,
1010469,1,8.0,-1,,
1010528,1,-1.0,6,,
1011114,1,1.0,-1,,
1011541,1,-1.0,6,,
1011746,1,-1.0,4,,
1012040,1,1.0,-1,,
1012671,1,9.0,-1,,
1013587,1,8.0,-1,,
1013797,1,0.0,-1,,
1014241,1,-1.0,2,,
1015832,1,-1.0,0,,
1015943,1,0.0,-1,,
1016482,1,3.0,-1,,
1019232,1,0.0,-1,,
1020927,1,-1.0,4,,
1358,2,,-1,9.0,
1548,2,,-1,5.0,
1564,2,,-1,8.0,
2949,2,,8,-1.0,
3950,2,,4,-1.0,
4195,2,,-1,1.0,
4851,2,,-1,2.0,
5033,2,,9,-1.0,
5064,2,,-1,4.0,
5653,2,,-1,7.0,
5896,2,,2,-1.0,
6635,2,,-1,5.0,
6738,2,,-1,3.0,
6855,2,,9,-1.0,
8327,2,,-1,1.0,
9371,2,,7,-1.0,
9458,2,,-1,8.0,
9682,2,,7,-1.0,
9751,2,,-1,1.0,
10900,2,,-1,5.0,
11137,2,,3,-1.0,
11664,2,,-1,8.0,
13004,2,,4,-1.0,
13025,2,,-1,2.0,
15552,2,,-1,2.0,
15814,2,,-1,2.0,
16031,2,,6,-1.0,
16542,2,,-1,4.0,
16545,2,,5,-1.0,
17330,2,,1,-1.0,
18317,2,,6,-1.0,
18743,2,,-1,0.0,
18828,2,,3,-1.0,
20143,2,,0,-1.0,
20377,2,,1,-1.0,
20496,2,,-1,9.0,
20682,2,,7,-1.0,
21226,2,,5,-1.0,
21812,2,,-1,8.0,
22608,2,,9,-1.0,
23015,2,,6,-1.0,
23174,2,,9,-1.0,
23441,2,,-1,9.0,
23571,2,,4,-1.0,
24489,2,,7,-1.0,
25287,2,,6,-1.0,
26061,2,,-1,4.0,
26678,2,,7,-1.0,
27900,2,,-1,3.0,
28605,2,,-1,6.0,
29322,2,,-1,1.0,
29450,2,,-1,2.0,
30046,2,,-1,8.0,
30145,2,,3,-1.0,
31490,2,,0,-1.0,
31550,2,,-1,6.0,
31639,2,,-1,0.0,
32415,2,,-1,8.0,
32623,2,,-1,6.0,
32875,2,,-1,1.0,
33094,2,,9,-1.0,
34290,2,,-1,3.0,
35532,2,,-1,3.0,
35599,2,,0,-1.0,
36220,2,,0,-1.0,
36446,2,,2,-1.0,
36601,2,,-1,8.0,
36717,2,,-1,1.0,
39067,2,,-1,4.0,
39213,2,,-1,3.0,
39311,2,,7,-1.0,
39396,2,,-1,6.0,
39716,2,,-1,8.0,
39825,2,,-1,6.0,
40308,2,,2,-1.0,
40331,2,,-1,5.0,
41549,2,,-1,3.0,
42049,2,,-1,7.0,
42227,2,,1,-1.0,
42393,2,,0,-1.0,
43022,2,,-1,3.0,
44091,2,,-1,3.0,
44138,2,,9,-1.0,
44543,2,,-1,4.0,
45669,2,,8,-1.0,
45876,2,,-1,4.0,
46680,2,,8,-1.0,
46843,2,,6,-1.0,
47637,2,,-1,5.0,
51443,2,,0,-1.0,
51755,2,,6,-1.0,
53209,2,,8,-1.0,
53416,2,,-1,5.0,
53501,2,,-1,7.0,
55167,2,,4,-1.0,
55337,2,,5,-1.0,
56211,2,,9,-1.0,
56475,2,,2,-1.0,
56852,2,,1,-1.0,
57600,2,,-1,7.0,
57797,2,,6,-1.0,
58924,2,,0,-1.0,
59335,2,,-1,9.0,
59745,2,,3,-1.0,
60048,2,,-1,1.0,
60732,2,,-1,5.0,
61213,2,,3,-1.0,
61799,2,,-1,3.0,
62013,2,,2,-1.0,
63077,2,,9,-1.0,
63490,2,,7,-1.0,
63531,2,,7,-1.0,
65717,2,,1,-1.0,
66572,2,,-1,3.0,
68238,2,,-1,3.0,
69272,2,,7,-1.0,
69558,2,,2,-1.0,
70645,2,,-1,5.0,
70814,2,,8,-1.0,
73313,2,,3,-1.0,
74422,2,,-1,4.0,
74743,2,,3,-1.0,
74748,2,,-1,0.0,
76666,2,,-1,3.0,
78019,2,,0,-1.0,
79307,2,,-1,5.0,
81765,2,,-1,3.0,
82483,2,,-1,0.0,
84031,2,,6,-1.0,
84341,2,,7,-1.0,
85799,2,,-1,3.0,
86601,2,,-1,3.0,
87818,2,,3,-1.0,
87990,2,,-1,4.0,
87998,2,,0,-1.0,
88533,2,,-1,4.0,
89215,2,,8,-1.0,
89606,2,,-1,1.0,
89763,2,,-1,7.0,
90376,2,,-1,6.0,
90424,2,,-1,0.0,
90432,2,,7,-1.0,
90504,2,,-1,6.0,
90930,2,,-1,9.0,
91572,2,,-1,8.0,
93534,2,,-1,6.0,
94218,2,,7,-1.0,
94927,2,,-1,0.0,
95714,2,,-1,9.0,
95894,2,,-1,8.0,
96175,2,,8,-1.0,
96221,2,,7,-1.0,
97650,2,,-1,2.0,
98267,2,,3,-1.0,
98337,2,,-1,6.0,
98411,2,,4,-1.0,
99162,2,,-1,5.0,
99772,2,,-1,7.0,
104006,2,,-1,7.0,
104715,2,,3,-1.0,
104857,2,,-1,6.0,
105017,2,,5,-1.0,
105322,2,,2,-1.0,
106025,2,,-1,1.0,
106348,2,,-1,4.0,
107534,2,,1,-1.0,
107580,2,,1,-1.0,
107793,2,,6,-1.0,
108176,2,,4,-1.0,
108567,2,,-1,5.0,
109035,2,,0,-1.0,
109057,2,,7,-1.0,
109507,2,,6,-1.0,
109834,2,,1,-1.0,
109969,2,,9,-1.0,
110460,2,,-1,3.0,
110636,2,,-1,5.0,
112106,2,,-1,8.0,
113077,2,,-1,7.0,
113793,2,,3,-1.0,
113902,2,,-1,6.0,
115515,2,,8,-1.0,
115794,2,,7,-1.0,
116166,2,,-1,1.0,
116455,2,,7,-1.0,
116659,2,,-1,9.0,
117229,2,,-1,2.0,
119093,2,,-1,3.0,
121011,2,,-1,9.0,
121089,2,,-1,7.0,
122348,2,,9,-1.0,
122989,2,,4,-1.0,
123225,2,,8,-1.0,
125206,2,,-1,7.0,
125340,2,,-1,2.0,
125972,2,,-1,6.0,
126853,2,,0,-1.0,
128610,2,,8,-1.0,
128649,2,,4,-1.0,
129615,2,,-1,2.0,
131444,2,,0,-1.0,
131473,2,,-1,1.0,
131685,2,,-1,9.0,
131847,2,,-1,7.0,
132174,2,,6,-1.0,
132446,2,,7,-1.0,
132675,2,,9,-1.0,
132900,2,,3,-1.0,
133937,2,,4,-1.0,
134541,2,,-1,6.0,
134928,2,,-1,6.0,
135720,2,,-1,9.0,
136170,2,,7,-1.0,
136455,2,,8,-1.0,
136484,2,,-1,6.0,
136495,2,,-1,8.0,
136610,2,,-1,2.0,
137184,2,,8,-1.0,
137797,2,,3,-1.0,
138066,2,,1,-1.0,
138148,2,,-1,1.0,
138292,2,,8,-1.0,
138719,2,,7,-1.0,
140288,2,,-1,2.0,
140919,2,,-1,9.0,
140998,2,,6,-1.0,
141034,2,,6,-1.0,
141095,2,,-1,4.0,
141366,2,,-1,8.0,
142521,2,,-1,1.0,
142778,2,,3,-1.0,
143240,2,,2,-1.0,
144960,2,,9,-1.0,
145324,2,,-1,8.0,
145628,2,,-1,2.0,
146111,2,,-1,3.0,
146218,2,,-1,2.0,
146504,2,,6,-1.0,
146525,2,,-1,6.0,
147429,2,,-1,6.0,
147716,2,,9,-1.0,
147963,2,,-1,4.0,
148621,2,,7,-1.0,
148701,2,,6,-1.0,
149529,2,,-1,1.0,
149650,2,,5,-1.0,
149827,2,,-1,6.0,
150163,2,,2,-1.0,
151529,2,,-1,7.0,
151845,2,,5,-1.0,
153092,2,,0,-1.0,
153579,2,,4,-1.0,
153605,2,,-1,8.0,
153671,2,,2,-1.0,
154195,2,,-1,6.0,
154492,2,,5,-1.0,
154560,2,,6,-1.0,
156065,2,,9,-1.0,
158194,2,,-1,3.0,
158814,2,,-1,2.0,
158816,2,,-1,3.0,
158980,2,,-1,2.0,
159012,2,,1,-1.0,
159313,2,,6,-1.0,
159383,2,,-1,6.0,
159462,2,,4,-1.0,
159750,2,,-1,6.0,
160852,2,,-1,0.0,
161757,2,,9,-1.0,
162342,2,,-1,3.0,
162606,2,,-1,7.0,
162991,2,,-1,4.0,
163167,2,,-1,8.0,
163475,2,,6,-1.0,
164210,2,,4,-1.0,
164260,2,,0,-1.0,
165116,2,,5,-1.0,
165157,2,,-1,6.0,
165995,2,,9,-1.0,
166409,2,,8,-1.0,
166767,2,,7,-1.0,
167352,2,,4,-1.0,
167394,2,,-1,2.0,
167487,2,,-1,9.0,
169263,2,,0,-1.0,
171272,2,,0,-1.0,
171613,2,,3,-1.0,
172456,2,,1,-1.0,
172728,2,,-1,4.0,
172840,2,,-1,4.0,
174027,2,,-1,0.0,
174723,2,,9,-1.0,
176570,2,,8,-1.0,
177605,2,,0,-1.0,
178188,2,,0,-1.0,
178475,2,,-1,2.0,
178505,2,,-1,7.0,
179198,2,,-1,9.0,
179956,2,,-1,9.0,
180751,2,,4,-1.0,
181101,2,,1,-1.0,
181473,2,,0,-1.0,
181540,2,,-1,0.0,
182412,2,,-1,0.0,
182569,2,,-1,4.0,
182796,2,,6,-1.0,
183556,2,,8,-1.0,
183894,2,,-1,2.0,
184099,2,,9,-1.0,
184457,2,,-1,8.0,
184530,2,,2,-1.0,
184554,2,,-1,9.0,
184633,2,,-1,5.0,
184643,2,,-1,4.0,
184655,2,,7,-1.0,
184713,2,,-1,9.0,
185356,2,,9,-1.0,
185883,2,,1,-1.0,
186035,2,,0,-1.0,
187317,2,,3,-1.0,
187831,2,,6,-1.0,
188396,2,,9,-1.0,
189532,2,,6,-1.0,
189889,2,,9,-1.0,
190633,2,,-1,8.0,
190647,2,,5,-1.0,
191323,2,,-1,3.0,
191402,2,,5,-1.0,
191474,2,,6,-1.0,
191639,2,,-1,7.0,
191737,2,,-1,3.0,
191927,2,,0,-1.0,
192000,2,,-1,7.0,
193046,2,,0,-1.0,
194004,2,,-1,4.0,
194114,2,,-1,3.0,
194297,2,,6,-1.0,
194548,2,,5,-1.0,
196469,2,,9,-1.0,
196904,2,,-1,4.0,
196946,2,,5,-1.0,
197099,2,,1,-1.0,
198284,2,,0,-1.0,
198867,2,,8,-1.0,
199737,2,,-1,0.0,
200790,2,,-1,7.0,
201587,2,,1,-1.0,
201650,2,,0,-1.0,
202137,2,,7,-1.0,
202141,2,,-1,5.0,
202191,2,,-1,3.0,
203120,2,,-1,1.0,
204131,2,,-1,9.0,
204159,2,,-1,0.0,
205025,2,,4,-1.0,
205118,2,,7,-1.0,
205420,2,,5,-1.0,
206925,2,,-1,0.0,
207478,2,,-1,0.0,
207629,2,,6,-1.0,
207694,2,,-1,5.0,
208002,2,,-1,9.0,
209050,2,,5,-1.0,
209139,2,,7,-1.0,
209965,2,,-1,2.0,
210009,2,,8,-1.0,
210017,2,,8,-1.0,
211301,2,,8,-1.0,
211355,2,,2,-1.0,
211411,2,,5,-1.0,
211432,2,,-1,3.0,
212675,2,,-1,3.0,
213889,2,,1,-1.0,
213973,2,,-1,1.0,
214000,2,,-1,0.0,
214514,2,,-1,4.0,
215364,2,,-1,4.0,
215473,2,,0,-1.0,
216150,2,,-1,8.0,
216596,2,,2,-1.0,
216969,2,,7,-1.0,
217982,2,,-1,9.0,
218777,2,,-1,6.0,
219228,2,,2,-1.0,
219321,2,,-1,8.0,
219711,2,,2,-1.0,
220582,2,,-1,5.0,
220659,2,,7,-1.0,
220907,2,,-1,9.0,
221406,2,,0,-1.0,
222922,2,,8,-1.0,
224107,2,,5,-1.0,
224305,2,,-1,5.0,
225189,2,,-1,1.0,
225762,2,,0,-1.0,
225869,2,,-1,7.0,
226334,2,,2,-1.0,
226470,2,,3,-1.0,
228258,2,,1,-1.0,
228280,2,,4,-1.0,
229571,2,,5,-1.0,
229701,2,,-1,0.0,
231911,2,,6,-1.0,
233519,2,,9,-1.0,
233569,2,,-1,4.0,
233585,2,,6,-1.0,
234181,2,,2,-1.0,
235146,2,,-1,9.0,
235200,2,,-1,1.0,
236022,2,,6,-1.0,
236782,2,,3,-1.0,
236981,2,,8,-1.0,
238607,2,,7,-1.0,
239775,2,,-1,7.0,
240793,2,,-1,8.0,
240868,2,,-1,6.0,
243769,2,,5,-1.0,
246191,2,,-1,2.0,
246382,2,,-1,1.0,
246523,2,,9,-1.0,
246770,2,,-1,7.0,
247176,2,,-1,3.0,
247461,2,,-1,9.0,
247790,2,,2,-1.0,
247988,2,,7,-1.0,
249018,2,,-1,9.0,
249764,2,,-1,4.0,
249776,2,,-1,4.0,
250740,2,,-1,5.0,
251281,2,,5,-1.0,
251335,2,,-1,7.0,
252039,2,,6,-1.0,
252295,2,,-1,6.0,
252841,2,,-1,0.0,
252987,2,,-1,0.0,
253463,2,,4,-1.0,
253514,2,,-1,8.0,
255088,2,,9,-1.0,
257316,2,,0,-1.0,
260337,2,,-1,5.0,
260586,2,,-1,4.0,
260974,2,,8,-1.0,
261672,2,,-1,8.0,
261954,2,,-1,2.0,
262382,2,,8,-1.0,
264273,2,,2,-1.0,
264517,2,,1,-1.0,
265228,2,,5,-1.0,
265478,2,,4,-1.0,
266424,2,,-1,6.0,
267140,2,,-1,9.0,
268376,2,,5,-1.0,
268822,2,,4,-1.0,
269956,2,,6,-1.0,
270022,2,,-1,3.0,
270338,2,,-1,7.0,
271466,2,,5,-1.0,
271861,2,,5,-1.0,
272243,2,,9,-1.0,
273505,2,,1,-1.0,
275047,2,,6,-1.0,
276031,2,,-1,4.0,
276056,2,,-1,5.0,
276514,2,,5,-1.0,
276607,2,,6,-1.0,
277688,2,,0,-1.0,
279529,2,,-1,3.0,
280623,2,,-1,2.0,
280677,2,,0,-1.0,
281036,2,,1,-1.0,
281062,2,,3,-1.0,
281299,2,,-1,8.0,
281409,2,,4,-1.0,
282080,2,,-1,0.0,
282463,2,,-1,4.0,
282805,2,,6,-1.0,
283051,2,,0,-1.0,
283265,2,,-1,6.0,
283409,2,,-1,9.0,
283421,2,,-1,2.0,
283514,2,,-1,7.0,
283779,2,,-1,4.0,
285951,2,,8,-1.0,
286698,2,,5,-1.0,
286762,2,,1,-1.0,
286964,2,,-1,8.0,
287016,2,,9,-1.0,
287410,2,,-1,8.0,
289805,2,,-1,1.0,
289887,2,,8,-1.0,
290140,2,,9,-1.0,
290358,2,,-1,3.0,
290463,2,,-1,0.0,
291749,2,,1,-1.0,
292433,2,,0,-1.0,
292451,2,,-1,0.0,
293663,2,,-1,9.0,
294161,2,,3,-1.0,
294913,2,,5,-1.0,
295109,2,,-1,4.0,
296255,2,,7,-1.0,
296542,2,,-1,3.0,
296839,2,,-1,0.0,
297384,2,,8,-1.0,
297584,2,,8,-1.0,
297762,2,,-1,9.0,
298340,2,,-1,2.0,
298565,2,,9,-1.0,
298893,2,,-1,3.0,
299079,2,,3,-1.0,
299336,2,,3,-1.0,
299645,2,,3,-1.0,
300633,2,,-1,5.0,
301145,2,,-1,6.0,
302272,2,,-1,1.0,
302408,2,,6,-1.0,
302831,2,,-1,1.0,
304813,2,,-1,9.0,
305882,2,,3,-1.0,
306479,2,,1,-1.0,
307194,2,,1,-1.0,
307513,2,,4,-1.0,
307812,2,,-1,9.0,
308407,2,,6,-1.0,
309273,2,,8,-1.0,
309572,2,,-1,0.0,
310733,2,,-1,1.0,
310832,2,,6,-1.0,
311077,2,,-1,2.0,
311737,2,,-1,8.0,
312693,2,,3,-1.0,
312797,2,,-1,1.0,
313232,2,,-1,5.0,
314211,2,,5,-1.0,
314456,2,,1,-1.0,
315154,2,,-1,9.0,
315189,2,,-1,8.0,
315219,2,,-1,0.0,
315334,2,,-1,3.0,
315955,2,,2,-1.0,
316108,2,,4,-1.0,
316169,2,,6,-1.0,
316174,2,,2,-1.0,
316200,2,,1,-1.0,
316219,2,,-1,4.0,
316661,2,,-1,7.0,
316890,2,,-1,5.0,
317074,2,,-1,2.0,
317344,2,,8,-1.0,
317605,2,,-1,2.0,
318243,2,,-1,8.0,
318735,2,,6,-1.0,
318863,2,,6,-1.0,
319853,2,,-1,8.0,
320762,2,,1,-1.0,
322060,2,,-1,8.0,
322219,2,,6,-1.0,
322760,2,,-1,6.0,
322875,2,,-1,5.0,
322952,2,,-1,3.0,
324046,2,,-1,3.0,
324546,2,,4,-1.0,
325560,2,,-1,0.0,
325647,2,,9,-1.0,
326152,2,,5,-1.0,
327379,2,,-1,2.0,
329103,2,,9,-1.0,
329333,2,,-1,7.0,
329470,2,,-1,6.0,
329568,2,,7,-1.0,
330310,2,,3,-1.0,
330643,2,,1,-1.0,
331041,2,,2,-1.0,
333034,2,,3,-1.0,
333913,2,,8,-1.0,
334438,2,,8,-1.0,
334478,2,,1,-1.0,
334496,2,,8,-1.0,
335481,2,,-1,7.0,
336359,2,,9,-1.0,
337927,2,,-1,4.0,
339661,2,,-1,4.0,
339698,2,,-1,1.0,
339773,2,,1,-1.0,
340116,2,,9,-1.0,
340281,2,,3,-1.0,
340467,2,,0,-1.0,
340584,2,,6,-1.0,
341374,2,,-1,1.0,
342184,2,,2,-1.0,
343665,2,,-1,0.0,
344058,2,,-1,6.0,
344197,2,,7,-1.0,
345668,2,,-1,9.0,
345737,2,,-1,2.0,
345839,2,,7,-1.0,
345882,2,,2,-1.0,
346192,2,,-1,1.0,
346895,2,,3,-1.0,
347011,2,,-1,7.0,
347233,2,,-1,2.0,
348009,2,,7,-1.0,
348105,2,,-1,2.0,
348168,2,,0,-1.0,
348431,2,,-1,5.0,
349469,2,,-1,7.0,
351156,2,,5,-1.0,
351618,2,,5,-1.0,
354867,2,,-1,1.0,
355022,2,,8,-1.0,
355108,2,,0,-1.0,
355327,2,,-1,2.0,
356662,2,,8,-1.0,
356838,2,,-1,7.0,
356964,2,,-1,4.0,
358482,2,,-1,3.0,
358629,2,,8,-1.0,
359892,2,,0,-1.0,
360504,2,,-1,1.0,
360585,2,,-1,2.0,
360803,2,,2,-1.0,
361019,2,,5,-1.0,
361767,2,,2,-1.0,
362356,2,,-1,5.0,
362369,2,,-1,0.0,
362831,2,,-1,3.0,
364102,2,,6,-1.0,
364322,2,,6,-1.0,
364624,2,,-1,4.0,
365204,2,,7,-1.0,
365387,2,,8,-1.0,
366095,2,,1,-1.0,
366324,2,,6,-1.0,
366799,2,,5,-1.0,
367526,2,,2,-1.0,
368048,2,,-1,4.0,
368369,2,,3,-1.0,
369409,2,,5,-1.0,
371446,2,,-1,7.0,
371497,2,,2,-1.0,
372320,2,,-1,5.0,
372422,2,,-1,7.0,
372449,2,,-1,8.0,
372777,2,,6,-1.0,
372781,2,,-1,3.0,
373558,2,,4,-1.0,
373695,2,,-1,1.0,
373842,2,,-1,7.0,
374311,2,,-1,2.0,
374701,2,,4,-1.0,
375951,2,,-1,0.0,
376606,2,,0,-1.0,
376862,2,,5,-1.0,
377699,2,,9,-1.0,
377885,2,,-1,2.0,
377919,2,,1,-1.0,
378275,2,,-1,3.0,
378468,2,,-1,2.0,
378617,2,,7,-1.0,
378765,2,,-1,2.0,
380721,2,,5,-1.0,
380900,2,,-1,4.0,
381012,2,,9,-1.0,
381233,2,,-1,9.0,
381979,2,,-1,2.0,
382785,2,,8,-1.0,
385234,2,,-1,7.0,
386566,2,,8,-1.0,
386591,2,,4,-1.0,
386766,2,,4,-1.0,
387006,2,,7,-1.0,
387648,2,,-1,3.0,
388093,2,,1,-1.0,
389296,2,,-1,6.0,
389747,2,,-1,6.0,
389944,2,,3,-1.0,
389970,2,,7,-1.0,
390562,2,,-1,0.0,
390939,2,,-1,4.0,
390969,2,,-1,6.0,
392332,2,,-1,7.0,
392444,2,,8,-1.0,
392796,2,,-1,0.0,
392804,2,,-1,7.0,
393256,2,,5,-1.0,
393368,2,,9,-1.0,
394108,2,,7,-1.0,
397348,2,,-1,2.0,
397549,2,,-1,9.0,
397971,2,,5,-1.0,
398028,2,,-1,1.0,
398584,2,,3,-1.0,
398666,2,,4,-1.0,
399088,2,,-1,2.0,
399443,2,,-1,2.0,
400101,2,,-1,1.0,
400635,2,,-1,5.0,
401337,2,,-1,4.0,
401408,2,,5,-1.0,
401465,2,,-1,2.0,
403765,2,,9,-1.0,
404108,2,,-1,9.0,
404533,2,,-1,1.0,
405069,2,,0,-1.0,
406031,2,,7,-1.0,
406182,2,,6,-1.0,
406359,2,,-1,9.0,
406375,2,,2,-1.0,
406471,2,,5,-1.0,
408366,2,,1,-1.0,
411292,2,,-1,8.0,
411689,2,,1,-1.0,
411765,2,,4,-1.0,
412692,2,,8,-1.0,
412794,2,,4,-1.0,
413875,2,,-1,1.0,
414140,2,,-1,2.0,
414431,2,,-1,5.0,
414988,2,,5,-1.0,
415608,2,,6,-1.0,
417209,2,,7,-1.0,
417250,2,,6,-1.0,
417471,2,,3,-1.0,
418494,2,,0,-1.0,
420028,2,,-1,3.0,
420050,2,,8,-1.0,
420573,2,,-1,2.0,
420853,2,,-1,5.0,
421637,2,,-1,5.0,
422156,2,,0,-1.0,
424263,2,,7,-1.0,
424374,2,,-1,8.0,
426963,2,,9,-1.0,
427362,2,,-1,8.0,
430434,2,,3,-1.0,
430563,2,,7,-1.0,
431257,2,,-1,1.0,
431314,2,,6,-1.0,
431649,2,,2,-1.0,
431766,2,,-1,9.0,
432557,2,,-1,5.0,
432648,2,,7,-1.0,
432762,2,,-1,1.0,
433631,2,,9,-1.0,
434163,2,,0,-1.0,
434678,2,,9,-1.0,
435100,2,,6,-1.0,
435551,2,,5,-1.0,
438057,2,,8,-1.0,
438416,2,,-1,2.0,
438503,2,,2,-1.0,
439571,2,,2,-1.0,
440736,2,,-1,2.0,
441032,2,,2,-1.0,
441347,2,,2,-1.0,
442339,2,,9,-1.0,
442690,2,,1,-1.0,
444562,2,,8,-1.0,
445011,2,,-1,2.0,
445849,2,,-1,5.0,
446370,2,,-1,0.0,
446706,2,,-1,2.0,
446723,2,,6,-1.0,
447167,2,,1,-1.0,
448187,2,,-1,9.0,
448813,2,,5,-1.0,
450725,2,,5,-1.0,
451710,2,,-1,3.0,
452681,2,,-1,7.0,
452706,2,,5,-1.0,
452746,2,,-1,9.0,
453726,2,,-1,4.0,
454365,2,,7,-1.0,
455464,2,,0,-1.0,
456637,2,,-1,2.0,
457812,2,,-1,2.0,
458764,2,,-1,2.0,
460464,2,,8,-1.0,
461462,2,,-1,8.0,
462988,2,,-1,1.0,
463085,2,,9,-1.0,
463224,2,,7,-1.0,
463505,2,,-1,5.0,
463677,2,,-1,2.0,
464567,2,,-1,1.0,
464898,2,,-1,3.0,
465017,2,,2,-1.0,
465145,2,,7,-1.0,
465268,2,,5,-1.0,
465353,2,,1,-1.0,
465697,2,,-1,4.0,
465910,2,,-1,5.0,
466298,2,,-1,9.0,
466348,2,,-1,3.0,
467133,2,,-1,4.0,
467251,2,,3,-1.0,
468221,2,,-1,0.0,
468611,2,,-1,6.0,
470487,2,,7,-1.0,
470900,2,,-1,0.0,
471516,2,,-1,5.0,
471902,2,,0,-1.0,
472063,2,,7,-1.0,
473051,2,,0,-1.0,
473448,2,,9,-1.0,
475493,2,,8,-1.0,
475688,2,,-1,6.0,
475765,2,,0,-1.0,
476003,2,,-1,9.0,
476301,2,,7,-1.0,
476744,2,,-1,0.0,
476770,2,,-1,6.0,
477753,2,,9,-1.0,
477940,2,,1,-1.0,
478845,2,,7,-1.0,
481136,2,,-1,6.0,
481436,2,,0,-1.0,
481814,2,,7,-1.0,
482168,2,,-1,5.0,
482602,2,,-1,7.0,
482973,2,,-1,4.0,
483401,2,,-1,8.0,
483584,2,,-1,0.0,
484248,2,,-1,0.0,
485352,2,,-1,8.0,
485718,2,,5,-1.0,
487890,2,,-1,9.0,
489493,2,,5,-1.0,
489912,2,,-1,5.0,
490654,2,,-1,7.0,
492074,2,,8,-1.0,
493217,2,,-1,4.0,
493393,2,,-1,4.0,
494014,2,,-1,9.0,
494659,2,,5,-1.0,
496651,2,,3,-1.0,
496709,2,,-1,0.0,
497199,2,,-1,0.0,
497798,2,,7,-1.0,
498123,2,,-1,7.0,
498807,2,,4,-1.0,
498909,2,,5,-1.0,
499219,2,,-1,3.0,
500142,2,,1,-1.0,
500583,2,,-1,5.0,
501978,2,,3,-1.0,
502027,2,,-1,0.0,
502126,2,,5,-1.0,
502461,2,,6,-1.0,
502707,2,,0,-1.0,
503650,2,,6,-1.0,
504893,2,,7,-1.0,
505588,2,,-1,8.0,
506621,2,,3,-1.0,
506687,2,,9,-1.0,
507049,2,,9,-1.0,
508277,2,,3,-1.0,
510576,2,,0,-1.0,
510577,2,,8,-1.0,
510615,2,,-1,6.0,
511213,2,,7,-1.0,
511527,2,,1,-1.0,
512107,2,,2,-1.0,
512694,2,,-1,6.0,
513149,2,,-1,9.0,
513254,2,,2,-1.0,
513761,2,,1,-1.0,
514498,2,,-1,2.0,
515649,2,,6,-1.0,
516223,2,,0,-1.0,
516587,2,,7,-1.0,
517646,2,,-1,7.0,
518379,2,,3,-1.0,
519300,2,,1,-1.0,
520006,2,,1,-1.0,
520029,2,,7,-1.0,
520412,2,,1,-1.0,
520498,2,,-1,7.0,
521528,2,,-1,2.0,
521821,2,,8,-1.0,
522253,2,,6,-1.0,
522291,2,,-1,5.0,
522432,2,,9,-1.0,
523621,2,,0,-1.0,
525070,2,,3,-1.0,
526223,2,,1,-1.0,
526783,2,,-1,4.0,
527991,2,,-1,4.0,
528268,2,,-1,1.0,
528759,2,,2,-1.0,
528809,2,,-1,0.0,
530525,2,,9,-1.0,
531299,2,,-1,3.0,
531362,2,,8,-1.0,
531395,2,,-1,1.0,
531853,2,,3,-1.0,
532047,2,,-1,3.0,
532783,2,,3,-1.0,
533305,2,,-1,2.0,
533614,2,,-1,4.0,
533706,2,,4,-1.0,
533776,2,,9,-1.0,
535143,2,,-1,0.0,
535882,2,,-1,8.0,
536207,2,,2,-1.0,
536929,2,,-1,2.0,
536956,2,,-1,7.0,
538186,2,,-1,6.0,
538255,2,,1,-1.0,
538653,2,,-1,9.0,
540571,2,,-1,2.0,
540834,2,,-1,3.0,
541171,2,,-1,2.0,
541763,2,,2,-1.0,
542238,2,,7,-1.0,
543639,2,,7,-1.0,
543765,2,,5,-1.0,
544144,2,,-1,3.0,
544386,2,,-1,8.0,
544814,2,,-1,4.0,
545505,2,,4,-1.0,
545933,2,,-1,7.0,
546124,2,,3,-1.0,
546892,2,,-1,0.0,
547557,2,,0,-1.0,
547585,2,,-1,8.0,
547759,2,,-1,8.0,
549338,2,,6,-1.0,
549423,2,,-1,4.0,
549707,2,,-1,1.0,
550583,2,,-1,1.0,
550676,2,,2,-1.0,
551173,2,,-1,9.0,
551371,2,,5,-1.0,
551450,2,,-1,4.0,
552389,2,,-1,3.0,
553951,2,,3,-1.0,
554354,2,,4,-1.0,
554547,2,,-1,9.0,
555439,2,,6,-1.0,
555641,2,,-1,0.0,
556581,2,,8,-1.0,
556833,2,,7,-1.0,
557499,2,,4,-1.0,
557761,2,,-1,8.0,
557814,2,,-1,8.0,
557912,2,,7,-1.0,
558694,2,,-1,5.0,
559838,2,,0,-1.0,
560728,2,,-1,6.0,
561441,2,,2,-1.0,
561518,2,,5,-1.0,
562264,2,,-1,9.0,
564072,2,,-1,9.0,
564220,2,,6,-1.0,
564724,2,,-1,6.0,
565048,2,,-1,2.0,
566100,2,,8,-1.0,
566982,2,,2,-1.0,
568007,2,,-1,5.0,
568784,2,,-1,4.0,
569490,2,,-1,1.0,
569752,2,,-1,5.0,
569790,2,,5,-1.0,
569980,2,,1,-1.0,
570106,2,,-1,4.0,
571249,2,,-1,9.0,
571361,2,,8,-1.0,
572275,2,,-1,6.0,
572940,2,,2,-1.0,
573361,2,,-1,0.0,
574276,2,,5,-1.0,
574908,2,,-1,7.0,
574923,2,,-1,4.0,
574935,2,,-1,2.0,
575179,2,,8,-1.0,
575588,2,,-1,1.0,
575775,2,,-1,2.0,
576166,2,,-1,6.0,
576207,2,,-1,1.0,
576784,2,,1,-1.0,
577009,2,,7,-1.0,
577461,2,,-1,0.0,
577517,2,,-1,2.0,
577601,2,,5,-1.0,
577850,2,,-1,0.0,
578474,2,,-1,4.0,
578824,2,,6,-1.0,
579020,2,,-1,2.0,
580938,2,,7,-1.0,
581343,2,,5,-1.0,
581595,2,,-1,0.0,
582871,2,,0,-1.0,
583277,2,,4,-1.0,
584136,2,,-1,8.0,
584307,2,,-1,3.0,
584318,2,,9,-1.0,
585163,2,,-1,4.0,
585394,2,,7,-1.0,
585602,2,,9,-1.0,
587026,2,,-1,0.0,
587205,2,,-1,2.0,
588770,2,,9,-1.0,
589400,2,,7,-1.0,
589784,2,,8,-1.0,
589900,2,,1,-1.0,
590000,2,,4,-1.0,
590060,2,,-1,0.0,
590092,2,,6,-1.0,
591436,2,,5,-1.0,
591716,2,,8,-1.0,
591926,2,,-1,5.0,
592244,2,,-1,8.0,
593159,2,,-1,2.0,
593170,2,,-1,1.0,
594629,2,,-1,4.0,
594728,2,,-1,9.0,
594758,2,,5,-1.0,
594765,2,,8,-1.0,
595379,2,,-1,6.0,
595710,2,,-1,8.0,
595862,2,,7,-1.0,
596239,2,,6,-1.0,
596380,2,,8,-1.0,
596590,2,,-1,8.0,
597281,2,,-1,1.0,
598373,2,,8,-1.0,
599316,2,,-1,5.0,
600039,2,,-1,1.0,
600092,2,,1,-1.0,
600243,2,,-1,2.0,
600397,2,,8,-1.0,
600815,2,,1,-1.0,
601079,2,,-1,5.0,
601453,2,,-1,3.0,
601623,2,,0,-1.0,
601667,2,,-1,2.0,
601893,2,,-1,4.0,
602355,2,,-1,8.0,
602562,2,,0,-1.0,
603167,2,,9,-1.0,
603382,2,,3,-1.0,
603607,2,,4,-1.0,
603808,2,,7,-1.0,
604547,2,,-1,8.0,
604676,2,,6,-1.0,
604864,2,,-1,8.0,
604972,2,,5,-1.0,
606196,2,,-1,0.0,
606946,2,,1,-1.0,
608080,2,,-1,1.0,
608168,2,,1,-1.0,
609486,2,,8,-1.0,
611487,2,,-1,8.0,
612260,2,,-1,3.0,
613162,2,,-1,1.0,
613612,2,,-1,1.0,
614527,2,,-1,3.0,
617373,2,,-1,8.0,
617480,2,,-1,6.0,
617522,2,,-1,1.0,
618548,2,,4,-1.0,
619294,2,,5,-1.0,
620064,2,,-1,6.0,
620386,2,,0,-1.0,
621000,2,,5,-1.0,
621341,2,,4,-1.0,
621425,2,,1,-1.0,
622328,2,,1,-1.0,
623906,2,,-1,8.0,
624043,2,,9,-1.0,
624899,2,,6,-1.0,
625391,2,,-1,3.0,
626941,2,,2,-1.0,
627020,2,,-1,6.0,
628104,2,,-1,9.0,
629861,2,,-1,5.0,
630641,2,,-1,7.0,
631917,2,,7,-1.0,
631964,2,,-1,4.0,
632514,2,,5,-1.0,
633565,2,,-1,7.0,
634009,2,,0,-1.0,
634203,2,,-1,5.0,
634925,2,,-1,4.0,
635080,2,,9,-1.0,
635396,2,,1,-1.0,
636120,2,,-1,0.0,
636905,2,,8,-1.0,
637001,2,,1,-1.0,
638271,2,,-1,4.0,
639819,2,,-1,8.0,
639887,2,,-1,0.0,
641251,2,,-1,3.0,
642377,2,,-1,5.0,
644127,2,,1,-1.0,
644235,2,,-1,7.0,
644236,2,,-1,9.0,
645192,2,,7,-1.0,
645548,2,,6,-1.0,
646298,2,,3,-1.0,
646349,2,,1,-1.0,
647501,2,,-1,4.0,
648169,2,,8,-1.0,
648403,2,,-1,9.0,
648553,2,,-1,1.0,
649730,2,,8,-1.0,
649780,2,,2,-1.0,
650322,2,,0,-1.0,
650598,2,,1,-1.0,
650688,2,,7,-1.0,
650801,2,,-1,1.0,
651667,2,,5,-1.0,
652931,2,,5,-1.0,
653977,2,,7,-1.0,
654127,2,,2,-1.0,
655309,2,,-1,7.0,
656304,2,,2,-1.0,
656336,2,,-1,1.0,
656516,2,,1,-1.0,
656904,2,,-1,0.0,
658172,2,,-1,7.0,
658746,2,,-1,3.0,
659430,2,,9,-1.0,
659595,2,,1,-1.0,
659778,2,,0,-1.0,
660064,2,,1,-1.0,
660157,2,,-1,2.0,
661308,2,,8,-1.0,
661444,2,,9,-1.0,
661550,2,,9,-1.0,
662336,2,,9,-1.0,
662651,2,,4,-1.0,
663139,2,,-1,4.0,
663364,2,,-1,4.0,
663689,2,,6,-1.0,
664202,2,,-1,4.0,
665165,2,,0,-1.0,
666569,2,,-1,4.0,
667052,2,,6,-1.0,
667175,2,,7,-1.0,
667983,2,,3,-1.0,
668193,2,,-1,8.0,
668614,2,,-1,7.0,
669456,2,,9,-1.0,
672027,2,,-1,5.0,
672226,2,,-1,9.0,
672717,2,,7,-1.0,
674756,2,,3,-1.0,
674970,2,,-1,4.0,
675406,2,,9,-1.0,
675453,2,,8,-1.0,
675685,2,,1,-1.0,
676300,2,,2,-1.0,
677503,2,,-1,9.0,
677946,2,,-1,0.0,
680021,2,,1,-1.0,
680065,2,,-1,2.0,
680166,2,,7,-1.0,
680823,2,,-1,1.0,
681217,2,,6,-1.0,
681530,2,,-1,8.0,
682618,2,,-1,3.0,
683616,2,,-1,4.0,
684106,2,,-1,2.0,
685079,2,,7,-1.0,
685336,2,,6,-1.0,
685581,2,,9,-1.0,
685897,2,,5,-1.0,
687410,2,,7,-1.0,
687621,2,,-1,3.0,
688250,2,,-1,4.0,
688395,2,,-1,1.0,
688459,2,,-1,7.0,
688902,2,,4,-1.0,
689450,2,,2,-1.0,
689553,2,,-1,3.0,
690068,2,,-1,4.0,
690519,2,,5,-1.0,
690992,2,,-1,7.0,
692338,2,,8,-1.0,
694153,2,,6,-1.0,
694362,2,,-1,2.0,
694540,2,,-1,2.0,
695272,2,,8,-1.0,
695518,2,,0,-1.0,
696380,2,,-1,7.0,
697642,2,,-1,8.0,
699009,2,,-1,2.0,
699458,2,,3,-1.0,
700874,2,,9,-1.0,
701778,2,,-1,5.0,
701982,2,,-1,2.0,
704356,2,,-1,6.0,
704573,2,,-1,1.0,
704899,2,,-1,2.0,
705647,2,,2,-1.0,
706185,2,,-1,7.0,
706690,2,,-1,3.0,
706986,2,,6,-1.0,
707911,2,,0,-1.0,
709133,2,,7,-1.0,
709628,2,,-1,2.0,
710033,2,,2,-1.0,
710606,2,,2,-1.0,
711708,2,,2,-1.0,
712176,2,,-1,6.0,
712710,2,,6,-1.0,
712730,2,,-1,3.0,
713759,2,,2,-1.0,
714095,2,,-1,1.0,
715202,2,,-1,3.0,
715443,2,,0,-1.0,
716750,2,,-1,1.0,
718504,2,,-1,7.0,
718604,2,,-1,8.0,
718829,2,,-1,4.0,
719048,2,,-1,7.0,
719304,2,,-1,7.0,
720155,2,,5,-1.0,
720304,2,,-1,5.0,
720999,2,,-1,8.0,
721076,2,,-1,3.0,
721106,2,,3,-1.0,
723483,2,,-1,0.0,
724190,2,,5,-1.0,
724572,2,,1,-1.0,
724828,2,,9,-1.0,
724923,2,,6,-1.0,
725234,2,,-1,8.0,
726242,2,,-1,2.0,
726467,2,,-1,1.0,
726694,2,,7,-1.0,
727127,2,,9,-1.0,
727667,2,,3,-1.0,
727890,2,,-1,8.0,
727960,2,,-1,4.0,
728468,2,,-1,2.0,
729284,2,,-1,3.0,
731153,2,,5,-1.0,
731968,2,,7,-1.0,
732704,2,,-1,5.0,
733560,2,,7,-1.0,
734561,2,,-1,9.0,
736266,2,,-1,9.0,
736520,2,,-1,9.0,
737654,2,,5,-1.0,
738943,2,,6,-1.0,
739193,2,,2,-1.0,
739360,2,,-1,3.0,
742473,2,,4,-1.0,
743117,2,,-1,8.0,
743368,2,,-1,3.0,
743752,2,,-1,5.0,
743765,2,,-1,4.0,
743771,2,,-1,4.0,
743942,2,,2,-1.0,
746012,2,,-1,3.0,
746051,2,,1,-1.0,
746544,2,,9,-1.0,
747539,2,,5,-1.0,
747970,2,,3,-1.0,
748106,2,,-1,7.0,
748499,2,,9,-1.0,
750532,2,,-1,1.0,
750834,2,,-1,7.0,
751732,2,,0,-1.0,
751861,2,,9,-1.0,
753661,2,,-1,1.0,
754773,2,,-1,5.0,
755317,2,,-1,7.0,
757579,2,,-1,4.0,
760310,2,,-1,7.0,
761140,2,,-1,3.0,
761441,2,,-1,5.0,
761538,2,,1,-1.0,
763021,2,,-1,5.0,
763347,2,,-1,2.0,
764133,2,,2,-1.0,
764575,2,,4,-1.0,
764844,2,,-1,1.0,
765502,2,,7,-1.0,
765509,2,,-1,3.0,
765764,2,,-1,4.0,
766395,2,,6,-1.0,
768571,2,,-1,0.0,
769036,2,,-1,3.0,
770150,2,,4,-1.0,
770790,2,,6,-1.0,
770900,2,,-1,2.0,
770990,2,,8,-1.0,
771060,2,,5,-1.0,
771083,2,,8,-1.0,
774325,2,,-1,1.0,
774752,2,,-1,7.0,
775516,2,,-1,2.0,
775637,2,,5,-1.0,
776047,2,,6,-1.0,
776691,2,,4,-1.0,
777623,2,,-1,2.0,
780464,2,,5,-1.0,
781948,2,,8,-1.0,
783159,2,,-1,3.0,
783411,2,,5,-1.0,
783559,2,,3,-1.0,
784105,2,,-1,2.0,
786130,2,,-1,2.0,
786496,2,,-1,2.0,
786729,2,,1,-1.0,
787337,2,,1,-1.0,
789893,2,,2,-1.0,
790445,2,,-1,0.0,
791389,2,,4,-1.0,
791606,2,,-1,3.0,
791762,2,,3,-1.0,
791788,2,,5,-1.0,
792143,2,,3,-1.0,
792199,2,,1,-1.0,
793667,2,,2,-1.0,
794423,2,,5,-1.0,
795526,2,,-1,9.0,
796642,2,,2,-1.0,
796823,2,,-1,3.0,
798431,2,,4,-1.0,
799483,2,,-1,2.0,
799580,2,,8,-1.0,
800509,2,,-1,6.0,
801640,2,,-1,9.0,
801808,2,,3,-1.0,
801863,2,,-1,8.0,
802073,2,,4,-1.0,
802364,2,,2,-1.0,
803443,2,,4,-1.0,
803635,2,,-1,6.0,
803980,2,,4,-1.0,
804241,2,,-1,9.0,
804281,2,,-1,1.0,
804456,2,,9,-1.0,
804886,2,,-1,1.0,
805457,2,,6,-1.0,
805940,2,,5,-1.0,
806176,2,,-1,7.0,
807399,2,,-1,2.0,
808110,2,,-1,7.0,
808473,2,,-1,5.0,
808911,2,,-1,4.0,
809741,2,,7,-1.0,
810226,2,,-1,0.0,
810545,2,,-1,8.0,
810701,2,,-1,3.0,
813881,2,,5,-1.0,
815017,2,,6,-1.0,
816325,2,,0,-1.0,
816713,2,,2,-1.0,
817803,2,,-1,1.0,
818758,2,,8,-1.0,
818759,2,,-1,3.0,
819242,2,,-1,9.0,
820312,2,,2,-1.0,
820647,2,,-1,6.0,
820814,2,,-1,2.0,
821259,2,,-1,2.0,
821541,2,,7,-1.0,
822876,2,,-1,8.0,
824951,2,,-1,6.0,
826412,2,,9,-1.0,
827034,2,,-1,8.0,
828947,2,,0,-1.0,
829158,2,,-1,7.0,
829292,2,,4,-1.0,
830655,2,,6,-1.0,
830889,2,,-1,4.0,
831105,2,,-1,6.0,
831242,2,,3,-1.0,
831295,2,,5,-1.0,
832296,2,,1,-1.0,
832685,2,,2,-1.0,
833624,2,,-1,8.0,
835103,2,,3,-1.0,
835196,2,,-1,1.0,
837541,2,,-1,0.0,
837642,2,,-1,1.0,
837833,2,,-1,8.0,
839839,2,,4,-1.0,
839974,2,,-1,2.0,
841267,2,,-1,3.0,
842000,2,,9,-1.0,
842308,2,,0,-1.0,
842426,2,,-1,2.0,
842552,2,,-1,8.0,
844319,2,,-1,6.0,
845315,2,,4,-1.0,
845557,2,,6,-1.0,
845573,2,,5,-1.0,
845622,2,,9,-1.0,
845682,2,,-1,9.0,
846264,2,,3,-1.0,
846547,2,,1,-1.0,
846835,2,,-1,6.0,
848091,2,,3,-1.0,
849724,2,,7,-1.0,
849762,2,,-1,7.0,
850692,2,,-1,8.0,
851247,2,,-1,2.0,
851321,2,,1,-1.0,
851769,2,,2,-1.0,
851827,2,,-1,5.0,
852178,2,,4,-1.0,
853096,2,,-1,1.0,
853347,2,,3,-1.0,
854119,2,,-1,8.0,
856054,2,,3,-1.0,
856734,2,,-1,6.0,
858084,2,,-1,8.0,
858763,2,,-1,4.0,
858986,2,,-1,9.0,
859070,2,,0,-1.0,
859360,2,,7,-1.0,
861162,2,,6,-1.0,
861214,2,,6,-1.0,
862296,2,,-1,6.0,
862377,2,,-1,2.0,
862403,2,,8,-1.0,
862515,2,,3,-1.0,
862706,2,,2,-1.0,
862968,2,,9,-1.0,
863322,2,,-1,0.0,
863324,2,,8,-1.0,
863444,2,,2,-1.0,
863661,2,,-1,8.0,
863813,2,,9,-1.0,
864075,2,,5,-1.0,
864545,2,,-1,3.0,
865395,2,,0,-1.0,
868254,2,,-1,7.0,
868314,2,,-1,2.0,
868484,2,,7,-1.0,
868782,2,,0,-1.0,
871461,2,,6,-1.0,
873654,2,,-1,7.0,
874117,2,,-1,2.0,
874319,2,,4,-1.0,
874500,2,,1,-1.0,
874530,2,,2,-1.0,
874759,2,,-1,6.0,
874791,2,,-1,6.0,
875699,2,,5,-1.0,
876659,2,,-1,0.0,
876806,2,,2,-1.0,
876974,2,,-1,7.0,
877354,2,,0,-1.0,
877546,2,,3,-1.0,
877632,2,,-1,7.0,
877748,2,,6,-1.0,
878409,2,,9,-1.0,
879295,2,,0,-1.0,
879539,2,,0,-1.0,
879882,2,,-1,6.0,
880166,2,,2,-1.0,
880388,2,,-1,9.0,
881767,2,,1,-1.0,
882087,2,,-1,3.0,
882171,2,,-1,9.0,
882346,2,,6,-1.0,
882414,2,,5,-1.0,
882616,2,,-1,6.0,
882791,2,,-1,2.0,
882823,2,,-1,0.0,
884478,2,,-1,2.0,
884727,2,,6,-1.0,
885352,2,,6,-1.0,
886203,2,,1,-1.0,
886905,2,,4,-1.0,
887203,2,,-1,3.0,
889076,2,,-1,0.0,
889268,2,,-1,6.0,
889317,2,,-1,8.0,
890946,2,,-1,4.0,
891174,2,,6,-1.0,
891680,2,,5,-1.0,
892017,2,,8,-1.0,
892437,2,,-1,1.0,
892938,2,,-1,3.0,
893680,2,,-1,3.0,
893752,2,,3,-1.0,
896166,2,,3,-1.0,
897887,2,,0,-1.0,
898487,2,,1,-1.0,
898588,2,,-1,8.0,
898726,2,,-1,7.0,
899698,2,,8,-1.0,
900180,2,,-1,5.0,
900380,2,,-1,5.0,
900972,2,,-1,8.0,
901889,2,,8,-1.0,
902807,2,,-1,0.0,
903310,2,,4,-1.0,
903521,2,,8,-1.0,
903556,2,,-1,3.0,
903830,2,,9,-1.0,
904808,2,,-1,9.0,
905081,2,,5,-1.0,
905301,2,,0,-1.0,
905379,2,,2,-1.0,
910290,2,,-1,6.0,
910547,2,,5,-1.0,
910634,2,,-1,3.0,
912664,2,,4,-1.0,
912700,2,,-1,3.0,
913143,2,,-1,2.0,
913418,2,,-1,6.0,
914706,2,,-1,1.0,
915237,2,,8,-1.0,
915871,2,,1,-1.0,
916191,2,,1,-1.0,
916270,2,,5,-1.0,
916296,2,,-1,0.0,
916936,2,,6,-1.0,
917266,2,,5,-1.0,
920246,2,,2,-1.0,
921129,2,,-1,7.0,
921421,2,,-1,7.0,
921537,2,,-1,3.0,
923161,2,,-1,1.0,
923688,2,,-1,9.0,
924252,2,,-1,2.0,
924580,2,,7,-1.0,
925552,2,,-1,0.0,
926404,2,,-1,9.0,
926626,2,,4,-1.0,
927523,2,,1,-1.0,
927709,2,,-1,3.0,
928930,2,,-1,8.0,
930495,2,,-1,2.0,
930890,2,,-1,9.0,
931757,2,,-1,5.0,
932025,2,,9,-1.0,
932204,2,,-1,1.0,
932252,2,,-1,4.0,
932824,2,,9,-1.0,
933894,2,,-1,0.0,
934769,2,,7,-1.0,
934820,2,,-1,6.0,
934894,2,,6,-1.0,
934916,2,,3,-1.0,
935934,2,,-1,2.0,
937771,2,,7,-1.0,
937834,2,,4,-1.0,
938671,2,,8,-1.0,
939969,2,,-1,3.0,
940411,2,,4,-1.0,
940772,2,,0,-1.0,
940910,2,,-1,3.0,
941121,2,,6,-1.0,
942776,2,,6,-1.0,
943445,2,,3,-1.0,
943639,2,,-1,3.0,
944832,2,,5,-1.0,
946265,2,,5,-1.0,
947077,2,,3,-1.0,
947659,2,,-1,4.0,
948644,2,,-1,7.0,
948694,2,,-1,6.0,
950592,2,,2,-1.0,
950922,2,,3,-1.0,
952511,2,,-1,1.0,
954065,2,,4,-1.0,
954148,2,,3,-1.0,
954175,2,,-1,7.0,
955714,2,,2,-1.0,
956002,2,,-1,1.0,
956680,2,,9,-1.0,
956987,2,,6,-1.0,
957857,2,,-1,9.0,
958255,2,,-1,7.0,
958900,2,,-1,2.0,
959125,2,,9,-1.0,
960679,2,,7,-1.0,
962460,2,,2,-1.0,
963024,2,,-1,3.0,
964163,2,,9,-1.0,
964670,2,,5,-1.0,
965110,2,,-1,2.0,
965160,2,,8,-1.0,
966863,2,,7,-1.0,
967336,2,,-1,0.0,
967977,2,,-1,9.0,
969770,2,,0,-1.0,
969791,2,,2,-1.0,
970891,2,,-1,4.0,
973210,2,,9,-1.0,
973748,2,,-1,9.0,
974302,2,,-1,3.0,
974333,2,,2,-1.0,
974528,2,,-1,5.0,
975221,2,,-1,6.0,
976153,2,,4,-1.0,
977661,2,,-1,6.0,
978925,2,,0,-1.0,
979396,2,,-1,7.0,
979554,2,,5,-1.0,
980599,2,,9,-1.0,
980699,2,,-1,8.0,
981691,2,,-1,2.0,
981778,2,,1,-1.0,
982229,2,,-1,1.0,
982475,2,,-1,7.0,
982899,2,,0,-1.0,
983233,2,,-1,6.0,
984608,2,,-1,2.0,
984700,2,,8,-1.0,
986305,2,,-1,5.0,
986506,2,,5,-1.0,
986915,2,,-1,6.0,
987237,2,,2,-1.0,
988065,2,,-1,2.0,
988214,2,,-1,4.0,
988866,2,,4,-1.0,
988988,2,,-1,4.0,
989441,2,,-1,6.0,
989675,2,,-1,7.0,
989704,2,,-1,5.0,
989742,2,,-1,8.0,
990643,2,,6,-1.0,
990927,2,,-1,1.0,
991363,2,,-1,6.0,
992750,2,,5,-1.0,
993632,2,,7,-1.0,
994022,2,,-1,2.0,
994431,2,,1,-1.0,
995674,2,,-1,4.0,
996990,2,,-1,8.0,
997596,2,,-1,9.0,
997654,2,,1,-1.0,
997720,2,,5,-1.0,
997887,2,,-1,2.0,
997962,2,,-1,6.0,
998055,2,,-1,8.0,
998540,2,,-1,7.0,
999628,2,,-1,4.0,
999690,2,,2,-1.0,
999839,2,,4,-1.0,
1001159,2,,-1,3.0,
1001603,2,,-1,4.0,
1002432,2,,-1,0.0,
1002548,2,,9,-1.0,
1002682,2,,-1,7.0,
1003554,2,,7,-1.0,
1004388,2,,4,-1.0,
1005746,2,,3,-1.0,
1006284,2,,6,-1.0,
1007828,2,,-1,2.0,
1008804,2,,-1,4.0,
1009207,2,,-1,1.0,
1009685,2,,-1,7.0,
1010651,2,,1,-1.0,
1010720,2,,-1,9.0,
1010982,2,,3,-1.0,
1011603,2,,6,-1.0,
1012678,2,,6,-1.0,
1013932,2,,4,-1.0,
1014628,2,,-1,0.0,
1015070,2,,-1,2.0,
1016263,2,,-1,6.0,
1016615,2,,0,-1.0,
1017073,2,,1,-1.0,
1017760,2,,-1,3.0,
1018269,2,,6,-1.0,
1018548,2,,0,-1.0,
1018566,2,,1,-1.0,
1018956,2,,-1,8.0,
1019184,2,,9,-1.0,
1019796,2,,8,-1.0,
1020453,2,,-1,9.0,
1021179,2,,-1,7.0,
1387,3,7.0,-1,,
1584,3,4.0,-1,,
2245,3,1.0,-1,,
3053,3,4.0,-1,,
3462,3,2.0,-1,,
5321,3,8.0,-1,,
5546,3,7.0,-1,,
5986,3,8.0,-1,,
6012,3,0.0,-1,,
6386,3,6.0,-1,,
6431,3,9.0,-1,,
7030,3,2.0,-1,,
8325,3,0.0,-1,,
8383,3,8.0,-1,,
9653,3,6.0,-1,,
10372,3,2.0,-1,,
12103,3,1.0,-1,,
12358,3,7.0,-1,,
12489,3,4.0,-1,,
13020,3,3.0,-1,,
13643,3,6.0,-1,,
14428,3,2.0,-1,,
15494,3,5.0,-1,,
16710,3,5.0,-1,,
17640,3,2.0,-1,,
17818,3,8.0,-1,,
18052,3,4.0,-1,,
18960,3,0.0,-1,,
19424,3,8.0,-1,,
21835,3,7.0,-1,,
24380,3,2.0,-1,,
25206,3,9.0,-1,,
26313,3,2.0,-1,,
27059,3,0.0,-1,,
27247,3,8.0,-1,,
27514,3,9.0,-1,,
27603,3,7.0,-1,,
27808,3,6.0,-1,,
28987,3,2.0,-1,,
29156,3,3.0,-1,,
29635,3,7.0,-1,,
30036,3,8.0,-1,,
30648,3,6.0,-1,,
31387,3,4.0,-1,,
33220,3,9.0,-1,,
33775,3,1.0,-1,,
33795,3,6.0,-1,,
34536,3,1.0,-1,,
34611,3,9.0,-1,,
34833,3,5.0,-1,,
35520,3,3.0,-1,,
35526,3,9.0,-1,,
36770,3,9.0,-1,,
36843,3,0.0,-1,,
37201,3,5.0,-1,,
38123,3,5.0,-1,,
39648,3,8.0,-1,,
39755,3,1.0,-1,,
40188,3,4.0,-1,,
41302,3,4.0,-1,,
42175,3,5.0,-1,,
43477,3,6.0,-1,,
44355,3,2.0,-1,,
44607,3,1.0,-1,,
44634,3,7.0,-1,,
45058,3,7.0,-1,,
45573,3,2.0,-1,,
46352,3,4.0,-1,,
46941,3,8.0,-1,,
47268,3,3.0,-1,,
49037,3,0.0,-1,,
50004,3,2.0,-1,,
50412,3,0.0,-1,,
50699,3,6.0,-1,,
51805,3,1.0,-1,,
53390,3,8.0,-1,,
53735,3,6.0,-1,,
54611,3,8.0,-1,,
55031,3,3.0,-1,,
55533,3,4.0,-1,,
55616,3,0.0,-1,,
55670,3,5.0,-1,,
55917,3,6.0,-1,,
55942,3,6.0,-1,,
57316,3,7.0,-1,,
58080,3,2.0,-1,,
58531,3,5.0,-1,,
58916,3,4.0,-1,,
59046,3,0.0,-1,,
59203,3,0.0,-1,,
59884,3,5.0,-1,,
59978,3,4.0,-1,,
61070,3,2.0,-1,,
61563,3,2.0,-1,,
61734,3,0.0,-1,,
62102,3,3.0,-1,,
62214,3,8.0,-1,,
63486,3,2.0,-1,,
63586,3,9.0,-1,,
63984,3,7.0,-1,,
64296,3,1.0,-1,,
64390,3,3.0,-1,,
64546,3,2.0,-1,,
64653,3,3.0,-1,,
65177,3,9.0,-1,,
65942,3,7.0,-1,,
66577,3,5.0,-1,,
67220,3,0.0,-1,,
67606,3,4.0,-1,,
67619,3,6.0,-1,,
67666,3,8.0,-1,,
68199,3,8.0,-1,,
68455,3,1.0,-1,,
68842,3,3.0,-1,,
69107,3,1.0,-1,,
69627,3,4.0,-1,,
69796,3,4.0,-1,,
71725,3,9.0,-1,,
72794,3,5.0,-1,,
73699,3,0.0,-1,,
73735,3,6.0,-1,,
74804,3,3.0,-1,,
75327,3,3.0,-1,,
75646,3,0.0,-1,,
75820,3,5.0,-1,,
76777,3,9.0,-1,,
78152,3,2.0,-1,,
78393,3,8.0,-1,,
79003,3,6.0,-1,,
79162,3,3.0,-1,,
79834,3,7.0,-1,,
80434,3,4.0,-1,,
81386,3,2.0,-1,,
81828,3,4.0,-1,,
82267,3,2.0,-1,,
82633,3,0.0,-1,,
82712,3,1.0,-1,,
82978,3,4.0,-1,,
83025,3,5.0,-1,,
83515,3,6.0,-1,,
84031,3,4.0,-1,,
84075,3,8.0,-1,,
84748,3,2.0,-1,,
85577,3,7.0,-1,,
85957,3,3.0,-1,,
87511,3,0.0,-1,,
89427,3,3.0,-1,,
89721,3,8.0,-1,,
90047,3,2.0,-1,,
90475,3,1.0,-1,,
92508,3,1.0,-1,,
92877,3,1.0,-1,,
93234,3,3.0,-1,,
94113,3,4.0,-1,,
94871,3,3.0,-1,,
94958,3,0.0,-1,,
95451,3,6.0,-1,,
95674,3,2.0,-1,,
97650,3,1.0,-1,,
98063,3,1.0,-1,,
98848,3,1.0,-1,,
99243,3,2.0,-1,,
100328,3,3.0,-1,,
100536,3,5.0,-1,,
102929,3,5.0,-1,,
103421,3,5.0,-1,,
104550,3,3.0,-1,,
104842,3,6.0,-1,,
105563,3,5.0,-1,,
105578,3,0.0,-1,,
105579,3,0.0,-1,,
105650,3,6.0,-1,,
106186,3,9.0,-1,,
109261,3,1.0,-1,,
110301,3,9.0,-1,,
110896,3,3.0,-1,,
111805,3,7.0,-1,,
112148,3,2.0,-1,,
113313,3,7.0,-1,,
113848,3,7.0,-1,,
113967,3,7.0,-1,,
114136,3,7.0,-1,,
115772,3,2.0,-1,,
117361,3,4.0,-1,,
117665,3,0.0,-1,,
118569,3,6.0,-1,,
118948,3,6.0,-1,,
119639,3,7.0,-1,,
119812,3,1.0,-1,,
121603,3,7.0,-1,,
121941,3,5.0,-1,,
123365,3,3.0,-1,,
124126,3,8.0,-1,,
124406,3,3.0,-1,,
126672,3,8.0,-1,,
127025,3,8.0,-1,,
127180,3,0.0,-1,,
127810,3,1.0,-1,,
131756,3,2.0,-1,,
132528,3,6.0,-1,,
132652,3,4.0,-1,,
133111,3,6.0,-1,,
133816,3,5.0,-1,,
135195,3,3.0,-1,,
136221,3,7.0,-1,,
136246,3,3.0,-1,,
136867,3,5.0,-1,,
136880,3,0.0,-1,,
137098,3,0.0,-1,,
137355,3,6.0,-1,,
138484,3,3.0,-1,,
139515,3,3.0,-1,,
140559,3,6.0,-1,,
140713,3,5.0,-1,,
141953,3,2.0,-1,,
142086,3,6.0,-1,,
142314,3,5.0,-1,,
143937,3,3.0,-1,,
144606,3,5.0,-1,,
145223,3,0.0,-1,,
146146,3,7.0,-1,,
146320,3,5.0,-1,,
147515,3,3.0,-1,,
149178,3,9.0,-1,,
150446,3,4.0,-1,,
151044,3,0.0,-1,,
151310,3,1.0,-1,,
152759,3,8.0,-1,,
152974,3,8.0,-1,,
154035,3,3.0,-1,,
154652,3,6.0,-1,,
155085,3,2.0,-1,,
155785,3,9.0,-1,,
155853,3,5.0,-1,,
156026,3,7.0,-1,,
156065,3,4.0,-1,,
157794,3,7.0,-1,,
157936,3,4.0,-1,,
158313,3,9.0,-1,,
159766,3,9.0,-1,,
160277,3,0.0,-1,,
160582,3,4.0,-1,,
161276,3,1.0,-1,,
161957,3,1.0,-1,,
162256,3,4.0,-1,,
162792,3,3.0,-1,,
163080,3,9.0,-1,,
163526,3,0.0,-1,,
164660,3,1.0,-1,,
165662,3,2.0,-1,,
165961,3,3.0,-1,,
165986,3,8.0,-1,,
166618,3,3.0,-1,,
167101,3,5.0,-1,,
168137,3,4.0,-1,,
169649,3,2.0,-1,,
170362,3,6.0,-1,,
170400,3,0.0,-1,,
170454,3,5.0,-1,,
171047,3,3.0,-1,,
171301,3,2.0,-1,,
171487,3,4.0,-1,,
172223,3,7.0,-1,,
174059,3,5.0,-1,,
174065,3,1.0,-1,,
174220,3,1.0,-1,,
175280,3,3.0,-1,,
175472,3,9.0,-1,,
177114,3,5.0,-1,,
177553,3,2.0,-1,,
178024,3,5.0,-1,,
178045,3,5.0,-1,,
178518,3,3.0,-1,,
178961,3,7.0,-1,,
179198,3,8.0,-1,,
179554,3,7.0,-1,,
179917,3,2.0,-1,,
180111,3,1.0,-1,,
180402,3,8.0,-1,,
180858,3,8.0,-1,,
181176,3,5.0,-1,,
182736,3,9.0,-1,,
182871,3,4.0,-1,,
183425,3,4.0,-1,,
184334,3,3.0,-1,,
185024,3,2.0,-1,,
186045,3,1.0,-1,,
186179,3,0.0,-1,,
187686,3,2.0,-1,,
187800,3,5.0,-1,,
188822,3,4.0,-1,,
188937,3,9.0,-1,,
189389,3,3.0,-1,,
190316,3,8.0,-1,,
190846,3,5.0,-1,,
191360,3,6.0,-1,,
191875,3,0.0,-1,,
192571,3,5.0,-1,,
193330,3,9.0,-1,,
193481,3,7.0,-1,,
194633,3,3.0,-1,,
194709,3,8.0,-1,,
194725,3,8.0,-1,,
194784,3,4.0,-1,,
195154,3,4.0,-1,,
196313,3,2.0,-1,,
197852,3,2.0,-1,,
197999,3,6.0,-1,,
198535,3,4.0,-1,,
201193,3,4.0,-1,,
201607,3,4.0,-1,,
201902,3,2.0,-1,,
202775,3,6.0,-1,,
203011,3,3.0,-1,,
203299,3,4.0,-1,,
204537,3,0.0,-1,,
204914,3,7.0,-1,,
204957,3,0.0,-1,,
205365,3,3.0,-1,,
207938,3,5.0,-1,,
208136,3,8.0,-1,,
208335,3,4.0,-1,,
209396,3,6.0,-1,,
209581,3,8.0,-1,,
210311,3,7.0,-1,,
210893,3,3.0,-1,,
211152,3,1.0,-1,,
211782,3,4.0,-1,,
211906,3,0.0,-1,,
212745,3,0.0,-1,,
212872,3,5.0,-1,,
213210,3,2.0,-1,,
213533,3,8.0,-1,,
213941,3,2.0,-1,,
214715,3,5.0,-1,,
214957,3,8.0,-1,,
216155,3,0.0,-1,,
216448,3,8.0,-1,,
216488,3,0.0,-1,,
217107,3,9.0,-1,,
217335,3,3.0,-1,,
217865,3,8.0,-1,,
218112,3,0.0,-1,,
218223,3,0.0,-1,,
218329,3,4.0,-1,,
218361,3,6.0,-1,,
219164,3,0.0,-1,,
219638,3,6.0,-1,,
221469,3,7.0,-1,,
221834,3,4.0,-1,,
224309,3,0.0,-1,,
224873,3,7.0,-1,,
224927,3,2.0,-1,,
225313,3,7.0,-1,,
225998,3,5.0,-1,,
226659,3,4.0,-1,,
227008,3,8.0,-1,,
228253,3,9.0,-1,,
228480,3,5.0,-1,,
229074,3,6.0,-1,,
230655,3,2.0,-1,,
230678,3,2.0,-1,,
231168,3,9.0,-1,,
231608,3,1.0,-1,,
231725,3,2.0,-1,,
231830,3,2.0,-1,,
232499,3,5.0,-1,,
233354,3,3.0,-1,,
233885,3,7.0,-1,,
234640,3,1.0,-1,,
235764,3,6.0,-1,,
236072,3,0.0,-1,,
236371,3,5.0,-1,,
236922,3,1.0,-1,,
237301,3,9.0,-1,,
237814,3,6.0,-1,,
238303,3,3.0,-1,,
238515,3,7.0,-1,,
238764,3,1.0,-1,,
238778,3,0.0,-1,,
239076,3,2.0,-1,,
239449,3,6.0,-1,,
239538,3,5.0,-1,,
240149,3,0.0,-1,,
240226,3,2.0,-1,,
241081,3,1.0,-1,,
241626,3,8.0,-1,,
242215,3,2.0,-1,,
243164,3,3.0,-1,,
244240,3,2.0,-1,,
244551,3,4.0,-1,,
244658,3,6.0,-1,,
245559,3,1.0,-1,,
246216,3,7.0,-1,,
246613,3,6.0,-1,,
247389,3,1.0,-1,,
247673,3,7.0,-1,,
247981,3,1.0,-1,,
248385,3,3.0,-1,,
250507,3,0.0,-1,,
250764,3,0.0,-1,,
251353,3,3.0,-1,,
251519,3,8.0,-1,,
251692,3,4.0,-1,,
252472,3,3.0,-1,,
252580,3,1.0,-1,,
253927,3,7.0,-1,,
255022,3,0.0,-1,,
255263,3,4.0,-1,,
257578,3,4.0,-1,,
258037,3,0.0,-1,,
258517,3,4.0,-1,,
258965,3,8.0,-1,,
259070,3,2.0,-1,,
259659,3,1.0,-1,,
260265,3,3.0,-1,,
261425,3,2.0,-1,,
262007,3,2.0,-1,,
262764,3,4.0,-1,,
263110,3,6.0,-1,,
264291,3,9.0,-1,,
264679,3,2.0,-1,,
264908,3,1.0,-1,,
265654,3,1.0,-1,,
266329,3,9.0,-1,,
267041,3,7.0,-1,,
267677,3,0.0,-1,,
267922,3,3.0,-1,,
269782,3,0.0,-1,,
270024,3,7.0,-1,,
270037,3,7.0,-1,,
270252,3,7.0,-1,,
270995,3,7.0,-1,,
271300,3,7.0,-1,,
271305,3,0.0,-1,,
271379,3,6.0,-1,,
271639,3,1.0,-1,,
272193,3,8.0,-1,,
272490,3,5.0,-1,,
272795,3,8.0,-1,,
273526,3,4.0,-1,,
274487,3,9.0,-1,,
274700,3,9.0,-1,,
275504,3,6.0,-1,,
277286,3,4.0,-1,,
277396,3,8.0,-1,,
277530,3,8.0,-1,,
278103,3,9.0,-1,,
278216,3,5.0,-1,,
278625,3,0.0,-1,,
279060,3,3.0,-1,,
279445,3,6.0,-1,,
280378,3,8.0,-1,,
280535,3,8.0,-1,,
280754,3,6.0,-1,,
281698,3,4.0,-1,,
281968,3,7.0,-1,,
284143,3,8.0,-1,,
285558,3,5.0,-1,,
285827,3,3.0,-1,,
286221,3,2.0,-1,,
286967,3,4.0,-1,,
287049,3,6.0,-1,,
287266,3,4.0,-1,,
287683,3,1.0,-1,,
288150,3,3.0,-1,,
288434,3,5.0,-1,,
288486,3,4.0,-1,,
289323,3,0.0,-1,,
289642,3,5.0,-1,,
291980,3,4.0,-1,,
292527,3,6.0,-1,,
293815,3,7.0,-1,,
294841,3,5.0,-1,,
296817,3,1.0,-1,,
296851,3,6.0,-1,,
298280,3,8.0,-1,,
298960,3,7.0,-1,,
299498,3,1.0,-1,,
299583,3,7.0,-1,,
299749,3,3.0,-1,,
299880,3,5.0,-1,,
302196,3,6.0,-1,,
302369,3,4.0,-1,,
302867,3,0.0,-1,,
303654,3,0.0,-1,,
303823,3,0.0,-1,,
304035,3,9.0,-1,,
304041,3,0.0,-1,,
304273,3,5.0,-1,,
304915,3,4.0,-1,,
305135,3,6.0,-1,,
308156,3,2.0,-1,,
309264,3,2.0,-1,,
309273,3,1.0,-1,,
311112,3,1.0,-1,,
311343,3,4.0,-1,,
312872,3,3.0,-1,,
312885,3,0.0,-1,,
312923,3,9.0,-1,,
313301,3,5.0,-1,,
313576,3,2.0,-1,,
313618,3,5.0,-1,,
313736,3,2.0,-1,,
314171,3,2.0,-1,,
314329,3,3.0,-1,,
315198,3,9.0,-1,,
315300,3,9.0,-1,,
315343,3,2.0,-1,,
315467,3,8.0,-1,,
315613,3,4.0,-1,,
315939,3,0.0,-1,,
317058,3,9.0,-1,,
317167,3,4.0,-1,,
317970,3,0.0,-1,,
318377,3,6.0,-1,,
318574,3,6.0,-1,,
318581,3,7.0,-1,,
320437,3,2.0,-1,,
321028,3,6.0,-1,,
321371,3,7.0,-1,,
321548,3,0.0,-1,,
321868,3,2.0,-1,,
321925,3,3.0,-1,,
322821,3,3.0,-1,,
323061,3,5.0,-1,,
323172,3,3.0,-1,,
323426,3,9.0,-1,,
324407,3,5.0,-1,,
326350,3,5.0,-1,,
328376,3,5.0,-1,,
329045,3,6.0,-1,,
329306,3,8.0,-1,,
331865,3,3.0,-1,,
332003,3,2.0,-1,,
332292,3,1.0,-1,,
332729,3,3.0,-1,,
333026,3,9.0,-1,,
333854,3,2.0,-1,,
334224,3,5.0,-1,,
334338,3,0.0,-1,,
335220,3,7.0,-1,,
336446,3,4.0,-1,,
336899,3,1.0,-1,,
337515,3,7.0,-1,,
337963,3,5.0,-1,,
338839,3,9.0,-1,,
340384,3,0.0,-1,,
340798,3,1.0,-1,,
341424,3,1.0,-1,,
341877,3,3.0,-1,,
342897,3,8.0,-1,,
344513,3,1.0,-1,,
345239,3,6.0,-1,,
347003,3,8.0,-1,,
347854,3,4.0,-1,,
348120,3,8.0,-1,,
348380,3,6.0,-1,,
349692,3,0.0,-1,,
350164,3,3.0,-1,,
350561,3,7.0,-1,,
351415,3,7.0,-1,,
353252,3,3.0,-1,,
353837,3,8.0,-1,,
354753,3,6.0,-1,,
354989,3,2.0,-1,,
357035,3,5.0,-1,,
357238,3,9.0,-1,,
357883,3,4.0,-1,,
360351,3,8.0,-1,,
360472,3,9.0,-1,,
360778,3,4.0,-1,,
361103,3,2.0,-1,,
361680,3,1.0,-1,,
361736,3,8.0,-1,,
361945,3,5.0,-1,,
362321,3,6.0,-1,,
362422,3,4.0,-1,,
362779,3,9.0,-1,,
363621,3,0.0,-1,,
365019,3,0.0,-1,,
365379,3,6.0,-1,,
365657,3,9.0,-1,,
365843,3,2.0,-1,,
366268,3,6.0,-1,,
366764,3,5.0,-1,,
367473,3,0.0,-1,,
367492,3,3.0,-1,,
367920,3,9.0,-1,,
368790,3,6.0,-1,,
369632,3,6.0,-1,,
371236,3,6.0,-1,,
372014,3,4.0,-1,,
372435,3,6.0,-1,,
372605,3,3.0,-1,,
373087,3,3.0,-1,,
373579,3,2.0,-1,,
375074,3,2.0,-1,,
375395,3,8.0,-1,,
375470,3,3.0,-1,,
376438,3,9.0,-1,,
376846,3,4.0,-1,,
377030,3,9.0,-1,,
377928,3,2.0,-1,,
379966,3,8.0,-1,,
380982,3,3.0,-1,,
381858,3,2.0,-1,,
382735,3,9.0,-1,,
382780,3,8.0,-1,,
383265,3,1.0,-1,,
383325,3,4.0,-1,,
383788,3,9.0,-1,,
384292,3,7.0,-1,,
384566,3,2.0,-1,,
386430,3,9.0,-1,,
386773,3,0.0,-1,,
387050,3,5.0,-1,,
387871,3,9.0,-1,,
388159,3,5.0,-1,,
388296,3,1.0,-1,,
388894,3,1.0,-1,,
389385,3,1.0,-1,,
389571,3,5.0,-1,,
390101,3,6.0,-1,,
390179,3,7.0,-1,,
390269,3,7.0,-1,,
391324,3,7.0,-1,,
392049,3,4.0,-1,,
392136,3,1.0,-1,,
393391,3,7.0,-1,,
396134,3,0.0,-1,,
396165,3,8.0,-1,,
396338,3,3.0,-1,,
397609,3,9.0,-1,,
397844,3,0.0,-1,,
398222,3,5.0,-1,,
399334,3,6.0,-1,,
399557,3,2.0,-1,,
400071,3,5.0,-1,,
401497,3,2.0,-1,,
401579,3,1.0,-1,,
402323,3,2.0,-1,,
402874,3,2.0,-1,,
403014,3,7.0,-1,,
405726,3,8.0,-1,,
406132,3,8.0,-1,,
407973,3,7.0,-1,,
408409,3,0.0,-1,,
409351,3,8.0,-1,,
409423,3,9.0,-1,,
409973,3,7.0,-1,,
411103,3,8.0,-1,,
412284,3,5.0,-1,,
412700,3,4.0,-1,,
412894,3,8.0,-1,,
412996,3,0.0,-1,,
413155,3,5.0,-1,,
413243,3,1.0,-1,,
413687,3,8.0,-1,,
414632,3,3.0,-1,,
414649,3,8.0,-1,,
414828,3,4.0,-1,,
415485,3,7.0,-1,,
415693,3,5.0,-1,,
415867,3,9.0,-1,,
415934,3,7.0,-1,,
416250,3,8.0,-1,,
418017,3,0.0,-1,,
419620,3,9.0,-1,,
419655,3,9.0,-1,,
419787,3,9.0,-1,,
419875,3,7.0,-1,,
421245,3,4.0,-1,,
421732,3,6.0,-1,,
422143,3,1.0,-1,,
422299,3,8.0,-1,,
422339,3,0.0,-1,,
422496,3,0.0,-1,,
422994,3,2.0,-1,,
424268,3,2.0,-1,,
426074,3,9.0,-1,,
427541,3,4.0,-1,,
428016,3,4.0,-1,,
428678,3,5.0,-1,,
429194,3,7.0,-1,,
430275,3,8.0,-1,,
430517,3,9.0,-1,,
430813,3,5.0,-1,,
431199,3,7.0,-1,,
432957,3,1.0,-1,,
433507,3,0.0,-1,,
433604,3,9.0,-1,,
433799,3,4.0,-1,,
434350,3,6.0,-1,,
434583,3,6.0,-1,,
435022,3,0.0,-1,,
435766,3,7.0,-1,,
436293,3,7.0,-1,,
436482,3,7.0,-1,,
437456,3,8.0,-1,,
438455,3,2.0,-1,,
439103,3,6.0,-1,,
441757,3,3.0,-1,,
443379,3,4.0,-1,,
443537,3,9.0,-1,,
444282,3,2.0,-1,,
445144,3,7.0,-1,,
445538,3,4.0,-1,,
446265,3,1.0,-1,,
446504,3,5.0,-1,,
446517,3,2.0,-1,,
446841,3,9.0,-1,,
446874,3,3.0,-1,,
446953,3,1.0,-1,,
447713,3,8.0,-1,,
448054,3,6.0,-1,,
448130,3,1.0,-1,,
448203,3,2.0,-1,,
449769,3,3.0,-1,,
450657,3,5.0,-1,,
450875,3,5.0,-1,,
451370,3,1.0,-1,,
451421,3,2.0,-1,,
451463,3,6.0,-1,,
451869,3,2.0,-1,,
452546,3,5.0,-1,,
453015,3,5.0,-1,,
453577,3,2.0,-1,,
453610,3,2.0,-1,,
453651,3,6.0,-1,,
454244,3,1.0,-1,,
454799,3,5.0,-1,,
455563,3,6.0,-1,,
456589,3,9.0,-1,,
457120,3,9.0,-1,,
457282,3,4.0,-1,,
457735,3,5.0,-1,,
457952,3,2.0,-1,,
458424,3,3.0,-1,,
459299,3,3.0,-1,,
459418,3,0.0,-1,,
460757,3,5.0,-1,,
461166,3,3.0,-1,,
462044,3,0.0,-1,,
463348,3,8.0,-1,,
463520,3,6.0,-1,,
463769,3,8.0,-1,,
466039,3,2.0,-1,,
467998,3,0.0,-1,,
469157,3,1.0,-1,,
470310,3,5.0,-1,,
470460,3,5.0,-1,,
470695,3,0.0,-1,,
470776,3,5.0,-1,,
472098,3,7.0,-1,,
472956,3,8.0,-1,,
473369,3,6.0,-1,,
474582,3,5.0,-1,,
475096,3,8.0,-1,,
476694,3,4.0,-1,,
478106,3,8.0,-1,,
478431,3,9.0,-1,,
478959,3,3.0,-1,,
479169,3,0.0,-1,,
479269,3,1.0,-1,,
479705,3,0.0,-1,,
480420,3,1.0,-1,,
480703,3,8.0,-1,,
481143,3,7.0,-1,,
481843,3,8.0,-1,,
482268,3,6.0,-1,,
483078,3,6.0,-1,,
483237,3,7.0,-1,,
483857,3,3.0,-1,,
484037,3,0.0,-1,,
484215,3,3.0,-1,,
484550,3,2.0,-1,,
484623,3,4.0,-1,,
484702,3,9.0,-1,,
485189,3,8.0,-1,,
485610,3,5.0,-1,,
485660,3,6.0,-1,,
486547,3,4.0,-1,,
487160,3,4.0,-1,,
488284,3,8.0,-1,,
488985,3,7.0,-1,,
492594,3,0.0,-1,,
492939,3,1.0,-1,,
494519,3,6.0,-1,,
494601,3,5.0,-1,,
495170,3,7.0,-1,,
495910,3,5.0,-1,,
495941,3,4.0,-1,,
496039,3,8.0,-1,,
496484,3,6.0,-1,,
496637,3,5.0,-1,,
497074,3,7.0,-1,,
497202,3,1.0,-1,,
497354,3,3.0,-1,,
497657,3,2.0,-1,,
498016,3,5.0,-1,,
498019,3,0.0,-1,,
498181,3,6.0,-1,,
498393,3,5.0,-1,,
498849,3,6.0,-1,,
500184,3,7.0,-1,,
500881,3,4.0,-1,,
502528,3,4.0,-1,,
503545,3,6.0,-1,,
504078,3,6.0,-1,,
505447,3,0.0,-1,,
505680,3,6.0,-1,,
506820,3,6.0,-1,,
506991,3,8.0,-1,,
507206,3,7.0,-1,,
507309,3,7.0,-1,,
507389,3,4.0,-1,,
508902,3,8.0,-1,,
509187,3,2.0,-1,,
509689,3,5.0,-1,,
509823,3,1.0,-1,,
509838,3,3.0,-1,,
510392,3,9.0,-1,,
510403,3,5.0,-1,,
511538,3,9.0,-1,,
513242,3,5.0,-1,,
513711,3,0.0,-1,,
514398,3,8.0,-1,,
514411,3,4.0,-1,,
515289,3,7.0,-1,,
515624,3,5.0,-1,,
516254,3,9.0,-1,,
516490,3,4.0,-1,,
517502,3,3.0,-1,,
518619,3,8.0,-1,,
519232,3,4.0,-1,,
520077,3,0.0,-1,,
520689,3,4.0,-1,,
521076,3,2.0,-1,,
521516,3,0.0,-1,,
524996,3,6.0,-1,,
525247,3,5.0,-1,,
526559,3,7.0,-1,,
526848,3,7.0,-1,,
526949,3,3.0,-1,,
527259,3,2.0,-1,,
527330,3,5.0,-1,,
527331,3,4.0,-1,,
528815,3,8.0,-1,,
528930,3,8.0,-1,,
529516,3,3.0,-1,,
530015,3,2.0,-1,,
530211,3,3.0,-1,,
530877,3,9.0,-1,,
531240,3,2.0,-1,,
534986,3,3.0,-1,,
536028,3,1.0,-1,,
537142,3,5.0,-1,,
537213,3,1.0,-1,,
537257,3,0.0,-1,,
537685,3,6.0,-1,,
537910,3,4.0,-1,,
538070,3,8.0,-1,,
539309,3,4.0,-1,,
539439,3,2.0,-1,,
540191,3,1.0,-1,,
541073,3,5.0,-1,,
541965,3,3.0,-1,,
542253,3,0.0,-1,,
542964,3,4.0,-1,,
543020,3,4.0,-1,,
543191,3,8.0,-1,,
543795,3,2.0,-1,,
543976,3,3.0,-1,,
544236,3,0.0,-1,,
544759,3,6.0,-1,,
546752,3,9.0,-1,,
547371,3,9.0,-1,,
547386,3,7.0,-1,,
547689,3,1.0,-1,,
547720,3,2.0,-1,,
549312,3,4.0,-1,,
549461,3,7.0,-1,,
550233,3,8.0,-1,,
550457,3,3.0,-1,,
550463,3,6.0,-1,,
552238,3,7.0,-1,,
552601,3,9.0,-1,,
552862,3,1.0,-1,,
553004,3,1.0,-1,,
554340,3,6.0,-1,,
554517,3,0.0,-1,,
555086,3,2.0,-1,,
555234,3,8.0,-1,,
555618,3,3.0,-1,,
555865,3,1.0,-1,,
556013,3,8.0,-1,,
556701,3,3.0,-1,,
557337,3,3.0,-1,,
557352,3,0.0,-1,,
557579,3,6.0,-1,,
558100,3,9.0,-1,,
558177,3,9.0,-1,,
558580,3,6.0,-1,,
558691,3,2.0,-1,,
558711,3,1.0,-1,,
560037,3,8.0,-1,,
560864,3,1.0,-1,,
561115,3,1.0,-1,,
561491,3,9.0,-1,,
563628,3,8.0,-1,,
563715,3,8.0,-1,,
564502,3,2.0,-1,,
564721,3,9.0,-1,,
565113,3,0.0,-1,,
565146,3,4.0,-1,,
565703,3,0.0,-1,,
566643,3,8.0,-1,,
566916,3,6.0,-1,,
569487,3,8.0,-1,,
569709,3,3.0,-1,,
570040,3,6.0,-1,,
570732,3,2.0,-1,,
571009,3,7.0,-1,,
571179,3,6.0,-1,,
572382,3,6.0,-1,,
573146,3,4.0,-1,,
575438,3,6.0,-1,,
575784,3,8.0,-1,,
576403,3,9.0,-1,,
576475,3,6.0,-1,,
576673,3,5.0,-1,,
577100,3,4.0,-1,,
578033,3,7.0,-1,,
578673,3,6.0,-1,,
579297,3,6.0,-1,,
579298,3,4.0,-1,,
580388,3,9.0,-1,,
581641,3,8.0,-1,,
583054,3,4.0,-1,,
583141,3,2.0,-1,,
583196,3,0.0,-1,,
583391,3,8.0,-1,,
585299,3,2.0,-1,,
585418,3,8.0,-1,,
585495,3,8.0,-1,,
586222,3,3.0,-1,,
587587,3,0.0,-1,,
589028,3,1.0,-1,,
589431,3,3.0,-1,,
591269,3,4.0,-1,,
591641,3,4.0,-1,,
593179,3,4.0,-1,,
593194,3,4.0,-1,,
596439,3,2.0,-1,,
597107,3,7.0,-1,,
597258,3,5.0,-1,,
597367,3,2.0,-1,,
597739,3,3.0,-1,,
598537,3,2.0,-1,,
598562,3,1.0,-1,,
598780,3,3.0,-1,,
600306,3,2.0,-1,,
600430,3,2.0,-1,,
602222,3,5.0,-1,,
602255,3,4.0,-1,,
602298,3,6.0,-1,,
603245,3,2.0,-1,,
603853,3,3.0,-1,,
604153,3,7.0,-1,,
605677,3,1.0,-1,,
606786,3,3.0,-1,,
607264,3,7.0,-1,,
607855,3,3.0,-1,,
607989,3,9.0,-1,,
608102,3,4.0,-1,,
608646,3,7.0,-1,,
608975,3,8.0,-1,,
609265,3,3.0,-1,,
609693,3,9.0,-1,,
610028,3,7.0,-1,,
610592,3,5.0,-1,,
613243,3,1.0,-1,,
614336,3,0.0,-1,,
614531,3,8.0,-1,,
614834,3,1.0,-1,,
615007,3,5.0,-1,,
616641,3,3.0,-1,,
616971,3,5.0,-1,,
617412,3,7.0,-1,,
618002,3,1.0,-1,,
618956,3,0.0,-1,,
620424,3,2.0,-1,,
620461,3,2.0,-1,,
620707,3,0.0,-1,,
622340,3,7.0,-1,,
623778,3,4.0,-1,,
624021,3,7.0,-1,,
624078,3,7.0,-1,,
624359,3,1.0,-1,,
624535,3,3.0,-1,,
625564,3,9.0,-1,,
625673,3,0.0,-1,,
626161,3,2.0,-1,,
627153,3,0.0,-1,,
627888,3,1.0,-1,,
628413,3,1.0,-1,,
629477,3,1.0,-1,,
630586,3,0.0,-1,,
632053,3,1.0,-1,,
632156,3,0.0,-1,,
632266,3,5.0,-1,,
632649,3,2.0,-1,,
634473,3,9.0,-1,,
634689,3,4.0,-1,,
634744,3,0.0,-1,,
635659,3,0.0,-1,,
635824,3,4.0,-1,,
636442,3,7.0,-1,,
636515,3,6.0,-1,,
637076,3,5.0,-1,,
637283,3,8.0,-1,,
638345,3,2.0,-1,,
638453,3,7.0,-1,,
641955,3,7.0,-1,,
642107,3,6.0,-1,,
642369,3,3.0,-1,,
642680,3,8.0,-1,,
642700,3,1.0,-1,,
642940,3,6.0,-1,,
643519,3,0.0,-1,,
643572,3,1.0,-1,,
645663,3,4.0,-1,,
645709,3,2.0,-1,,
646535,3,1.0,-1,,
649381,3,5.0,-1,,
649407,3,5.0,-1,,
650330,3,9.0,-1,,
650436,3,0.0,-1,,
650445,3,5.0,-1,,
651098,3,9.0,-1,,
651618,3,7.0,-1,,
653334,3,4.0,-1,,
653681,3,2.0,-1,,
654927,3,8.0,-1,,
655049,3,4.0,-1,,
655835,3,2.0,-1,,
656626,3,2.0,-1,,
656780,3,1.0,-1,,
656816,3,4.0,-1,,
657348,3,7.0,-1,,
657431,3,3.0,-1,,
658653,3,3.0,-1,,
658692,3,3.0,-1,,
659437,3,9.0,-1,,
660171,3,3.0,-1,,
660844,3,1.0,-1,,
661636,3,4.0,-1,,
661868,3,1.0,-1,,
665519,3,6.0,-1,,
667199,3,6.0,-1,,
668177,3,9.0,-1,,
668913,3,6.0,-1,,
669075,3,5.0,-1,,
669276,3,8.0,-1,,
670323,3,4.0,-1,,
670578,3,1.0,-1,,
671991,3,4.0,-1,,
672924,3,1.0,-1,,
673486,3,6.0,-1,,
673812,3,2.0,-1,,
674071,3,2.0,-1,,
677488,3,3.0,-1,,
677756,3,8.0,-1,,
678669,3,8.0,-1,,
681214,3,8.0,-1,,
681324,3,8.0,-1,,
681847,3,7.0,-1,,
682126,3,2.0,-1,,
682294,3,4.0,-1,,
683239,3,4.0,-1,,
683482,3,5.0,-1,,
683500,3,0.0,-1,,
684082,3,9.0,-1,,
684542,3,8.0,-1,,
685387,3,8.0,-1,,
686657,3,7.0,-1,,
686849,3,8.0,-1,,
686880,3,8.0,-1,,
687485,3,4.0,-1,,
687690,3,7.0,-1,,
688378,3,0.0,-1,,
688582,3,2.0,-1,,
689018,3,4.0,-1,,
689910,3,2.0,-1,,
690143,3,7.0,-1,,
690183,3,7.0,-1,,
691768,3,4.0,-1,,
691892,3,7.0,-1,,
692004,3,4.0,-1,,
692364,3,3.0,-1,,
692949,3,3.0,-1,,
692977,3,0.0,-1,,
693810,3,7.0,-1,,
694452,3,3.0,-1,,
695394,3,4.0,-1,,
695815,3,1.0,-1,,
696611,3,3.0,-1,,
697109,3,2.0,-1,,
697359,3,8.0,-1,,
697465,3,4.0,-1,,
697860,3,5.0,-1,,
697880,3,7.0,-1,,
697977,3,3.0,-1,,
698869,3,9.0,-1,,
700739,3,4.0,-1,,
701887,3,2.0,-1,,
703925,3,2.0,-1,,
704117,3,0.0,-1,,
704924,3,5.0,-1,,
705488,3,3.0,-1,,
705601,3,1.0,-1,,
705626,3,8.0,-1,,
706379,3,7.0,-1,,
706413,3,6.0,-1,,
706757,3,0.0,-1,,
706812,3,4.0,-1,,
707476,3,0.0,-1,,
707827,3,9.0,-1,,
708296,3,9.0,-1,,
708441,3,9.0,-1,,
708594,3,7.0,-1,,
709044,3,9.0,-1,,
710984,3,6.0,-1,,
711129,3,2.0,-1,,
711148,3,4.0,-1,,
712088,3,0.0,-1,,
712441,3,3.0,-1,,
712593,3,0.0,-1,,
712944,3,1.0,-1,,
713618,3,0.0,-1,,
713971,3,0.0,-1,,
714219,3,0.0,-1,,
715340,3,1.0,-1,,
715886,3,5.0,-1,,
716273,3,9.0,-1,,
716558,3,0.0,-1,,
716591,3,1.0,-1,,
717141,3,2.0,-1,,
717910,3,4.0,-1,,
718551,3,9.0,-1,,
718923,3,0.0,-1,,
719496,3,7.0,-1,,
719591,3,5.0,-1,,
720209,3,2.0,-1,,
720569,3,4.0,-1,,
720953,3,6.0,-1,,
721304,3,9.0,-1,,
721709,3,0.0,-1,,
721851,3,8.0,-1,,
721935,3,9.0,-1,,
722739,3,8.0,-1,,
723390,3,8.0,-1,,
724093,3,4.0,-1,,
724101,3,1.0,-1,,
724270,3,3.0,-1,,
724359,3,6.0,-1,,
724616,3,5.0,-1,,
724667,3,8.0,-1,,
725402,3,0.0,-1,,
725542,3,3.0,-1,,
725601,3,3.0,-1,,
726345,3,6.0,-1,,
727487,3,0.0,-1,,
728255,3,1.0,-1,,
728284,3,1.0,-1,,
728491,3,0.0,-1,,
729511,3,8.0,-1,,
730308,3,8.0,-1,,
732029,3,6.0,-1,,
732610,3,3.0,-1,,
733900,3,3.0,-1,,
734019,3,7.0,-1,,
734266,3,8.0,-1,,
734742,3,9.0,-1,,
735955,3,1.0,-1,,
736842,3,5.0,-1,,
737743,3,7.0,-1,,
737775,3,2.0,-1,,
738436,3,4.0,-1,,
738851,3,6.0,-1,,
739200,3,0.0,-1,,
740897,3,7.0,-1,,
741123,3,3.0,-1,,
741129,3,6.0,-1,,
741506,3,5.0,-1,,
742402,3,6.0,-1,,
742706,3,4.0,-1,,
742786,3,9.0,-1,,
742924,3,5.0,-1,,
744032,3,3.0,-1,,
744074,3,9.0,-1,,
744559,3,2.0,-1,,
744651,3,2.0,-1,,
744677,3,1.0,-1,,
744732,3,7.0,-1,,
744755,3,7.0,-1,,
744811,3,1.0,-1,,
744912,3,2.0,-1,,
745007,3,0.0,-1,,
745341,3,5.0,-1,,
745368,3,1.0,-1,,
745422,3,4.0,-1,,
746230,3,3.0,-1,,
746420,3,9.0,-1,,
747406,3,1.0,-1,,
747752,3,6.0,-1,,
747871,3,3.0,-1,,
748260,3,9.0,-1,,
748836,3,2.0,-1,,
749711,3,2.0,-1,,
749877,3,1.0,-1,,
750164,3,3.0,-1,,
750299,3,5.0,-1,,
751564,3,8.0,-1,,
751769,3,3.0,-1,,
754722,3,5.0,-1,,
755197,3,4.0,-1,,
755886,3,4.0,-1,,
756203,3,6.0,-1,,
756543,3,8.0,-1,,
756783,3,8.0,-1,,
756965,3,3.0,-1,,
757274,3,6.0,-1,,
758927,3,9.0,-1,,
759572,3,7.0,-1,,
759715,3,7.0,-1,,
759736,3,5.0,-1,,
759988,3,9.0,-1,,
760773,3,8.0,-1,,
761595,3,4.0,-1,,
761897,3,0.0,-1,,
762229,3,2.0,-1,,
762518,3,3.0,-1,,
766520,3,5.0,-1,,
769679,3,2.0,-1,,
770103,3,1.0,-1,,
771119,3,2.0,-1,,
771295,3,4.0,-1,,
771522,3,2.0,-1,,
774082,3,5.0,-1,,
774837,3,0.0,-1,,
774942,3,0.0,-1,,
775264,3,5.0,-1,,
775735,3,5.0,-1,,
777199,3,4.0,-1,,
777224,3,3.0,-1,,
778608,3,9.0,-1,,
779041,3,9.0,-1,,
779343,3,4.0,-1,,
780151,3,2.0,-1,,
780923,3,4.0,-1,,
781225,3,6.0,-1,,
781226,3,7.0,-1,,
783229,3,4.0,-1,,
784704,3,0.0,-1,,
784776,3,6.0,-1,,
784980,3,2.0,-1,,
785037,3,3.0,-1,,
785738,3,7.0,-1,,
786306,3,5.0,-1,,
787758,3,5.0,-1,,
789628,3,0.0,-1,,
790216,3,3.0,-1,,
791930,3,7.0,-1,,
792318,3,1.0,-1,,
793056,3,7.0,-1,,
793560,3,1.0,-1,,
794141,3,6.0,-1,,
794234,3,4.0,-1,,
794659,3,5.0,-1,,
795678,3,4.0,-1,,
796637,3,1.0,-1,,
797512,3,3.0,-1,,
798650,3,8.0,-1,,
799015,3,5.0,-1,,
799425,3,4.0,-1,,
799561,3,7.0,-1,,
799631,3,8.0,-1,,
800458,3,7.0,-1,,
801940,3,7.0,-1,,
803002,3,6.0,-1,,
804230,3,5.0,-1,,
804476,3,0.0,-1,,
804804,3,3.0,-1,,
805094,3,3.0,-1,,
805160,3,2.0,-1,,
805720,3,8.0,-1,,
806001,3,3.0,-1,,
806505,3,1.0,-1,,
808266,3,5.0,-1,,
809514,3,1.0,-1,,
809577,3,5.0,-1,,
809782,3,7.0,-1,,
809786,3,2.0,-1,,
810886,3,3.0,-1,,
811219,3,1.0,-1,,
812125,3,5.0,-1,,
813040,3,4.0,-1,,
813898,3,2.0,-1,,
814053,3,5.0,-1,,
815237,3,2.0,-1,,
815841,3,4.0,-1,,
816105,3,1.0,-1,,
816594,3,6.0,-1,,
817158,3,3.0,-1,,
817480,3,8.0,-1,,
817718,3,7.0,-1,,
817766,3,7.0,-1,,
817888,3,1.0,-1,,
818373,3,6.0,-1,,
818957,3,4.0,-1,,
819031,3,3.0,-1,,
819201,3,3.0,-1,,
820124,3,2.0,-1,,
820652,3,4.0,-1,,
820754,3,8.0,-1,,
822133,3,1.0,-1,,
822311,3,2.0,-1,,
822781,3,8.0,-1,,
824383,3,0.0,-1,,
828025,3,5.0,-1,,
828163,3,0.0,-1,,
828987,3,8.0,-1,,
829571,3,7.0,-1,,
831203,3,6.0,-1,,
832232,3,9.0,-1,,
832240,3,8.0,-1,,
832990,3,1.0,-1,,
833039,3,5.0,-1,,
835343,3,3.0,-1,,
836062,3,6.0,-1,,
836916,3,7.0,-1,,
837197,3,9.0,-1,,
837406,3,6.0,-1,,
838541,3,0.0,-1,,
839281,3,4.0,-1,,
840491,3,2.0,-1,,
841745,3,3.0,-1,,
842033,3,9.0,-1,,
842282,3,5.0,-1,,
844170,3,1.0,-1,,
844385,3,0.0,-1,,
844925,3,2.0,-1,,
845104,3,5.0,-1,,
845403,3,1.0,-1,,
845765,3,2.0,-1,,
845839,3,1.0,-1,,
846324,3,5.0,-1,,
846770,3,7.0,-1,,
847268,3,1.0,-1,,
847715,3,8.0,-1,,
848031,3,4.0,-1,,
848110,3,2.0,-1,,
848520,3,3.0,-1,,
848697,3,6.0,-1,,
849452,3,7.0,-1,,
851973,3,1.0,-1,,
852304,3,7.0,-1,,
853212,3,1.0,-1,,
854192,3,8.0,-1,,
856237,3,8.0,-1,,
857583,3,5.0,-1,,
857825,3,7.0,-1,,
858044,3,9.0,-1,,
858158,3,7.0,-1,,
858302,3,3.0,-1,,
858880,3,6.0,-1,,
859394,3,1.0,-1,,
859487,3,9.0,-1,,
859653,3,2.0,-1,,
859656,3,6.0,-1,,
859878,3,8.0,-1,,
860285,3,1.0,-1,,
860755,3,3.0,-1,,
861055,3,1.0,-1,,
861070,3,6.0,-1,,
861091,3,8.0,-1,,
861173,3,6.0,-1,,
861454,3,8.0,-1,,
862468,3,4.0,-1,,
862509,3,4.0,-1,,
863909,3,2.0,-1,,
865765,3,0.0,-1,,
865786,3,2.0,-1,,
866300,3,4.0,-1,,
867111,3,9.0,-1,,
867590,3,0.0,-1,,
868457,3,4.0,-1,,
868625,3,0.0,-1,,
869330,3,7.0,-1,,
869657,3,4.0,-1,,
870212,3,6.0,-1,,
870405,3,9.0,-1,,
870453,3,5.0,-1,,
871165,3,5.0,-1,,
871558,3,4.0,-1,,
872936,3,1.0,-1,,
874171,3,5.0,-1,,
874612,3,7.0,-1,,
875324,3,0.0,-1,,
876340,3,2.0,-1,,
876955,3,2.0,-1,,
877436,3,2.0,-1,,
878170,3,4.0,-1,,
878183,3,3.0,-1,,
879544,3,4.0,-1,,
879774,3,7.0,-1,,
880060,3,9.0,-1,,
880207,3,6.0,-1,,
880318,3,3.0,-1,,
881583,3,3.0,-1,,
883201,3,6.0,-1,,
883463,3,4.0,-1,,
883638,3,1.0,-1,,
885054,3,1.0,-1,,
885314,3,8.0,-1,,
885788,3,3.0,-1,,
887034,3,9.0,-1,,
887511,3,5.0,-1,,
887672,3,8.0,-1,,
888344,3,8.0,-1,,
889241,3,8.0,-1,,
889960,3,5.0,-1,,
890857,3,9.0,-1,,
891520,3,9.0,-1,,
891990,3,6.0,-1,,
892907,3,4.0,-1,,
893313,3,6.0,-1,,
893682,3,1.0,-1,,
894007,3,8.0,-1,,
894177,3,9.0,-1,,
894818,3,9.0,-1,,
895605,3,1.0,-1,,
896861,3,3.0,-1,,
897481,3,5.0,-1,,
898612,3,1.0,-1,,
899278,3,7.0,-1,,
900197,3,3.0,-1,,
900781,3,0.0,-1,,
901105,3,9.0,-1,,
901360,3,0.0,-1,,
902693,3,7.0,-1,,
903736,3,6.0,-1,,
903789,3,4.0,-1,,
906099,3,4.0,-1,,
906466,3,2.0,-1,,
906522,3,6.0,-1,,
907778,3,0.0,-1,,
907857,3,2.0,-1,,
907928,3,1.0,-1,,
908400,3,5.0,-1,,
908973,3,4.0,-1,,
909666,3,0.0,-1,,
910561,3,6.0,-1,,
910967,3,4.0,-1,,
911351,3,1.0,-1,,
911365,3,3.0,-1,,
911588,3,0.0,-1,,
911932,3,4.0,-1,,
912313,3,1.0,-1,,
912827,3,2.0,-1,,
913053,3,9.0,-1,,
913082,3,1.0,-1,,
913658,3,2.0,-1,,
914022,3,5.0,-1,,
914590,3,9.0,-1,,
914617,3,1.0,-1,,
914808,3,3.0,-1,,
914856,3,9.0,-1,,
915482,3,6.0,-1,,
916213,3,1.0,-1,,
916391,3,7.0,-1,,
916654,3,4.0,-1,,
917377,3,6.0,-1,,
919298,3,7.0,-1,,
921109,3,0.0,-1,,
922335,3,2.0,-1,,
922496,3,6.0,-1,,
923353,3,7.0,-1,,
923829,3,9.0,-1,,
924267,3,2.0,-1,,
924350,3,6.0,-1,,
924883,3,1.0,-1,,
925094,3,1.0,-1,,
928295,3,2.0,-1,,
928565,3,9.0,-1,,
929437,3,4.0,-1,,
929525,3,7.0,-1,,
929562,3,8.0,-1,,
929997,3,1.0,-1,,
931095,3,9.0,-1,,
931979,3,4.0,-1,,
932286,3,0.0,-1,,
933150,3,6.0,-1,,
935550,3,4.0,-1,,
936415,3,5.0,-1,,
937877,3,2.0,-1,,
939436,3,9.0,-1,,
940692,3,8.0,-1,,
941280,3,2.0,-1,,
942271,3,5.0,-1,,
942654,3,6.0,-1,,
943132,3,9.0,-1,,
945075,3,5.0,-1,,
945234,3,2.0,-1,,
945254,3,9.0,-1,,
945656,3,6.0,-1,,
945696,3,1.0,-1,,
945897,3,6.0,-1,,
946128,3,0.0,-1,,
947036,3,6.0,-1,,
947381,3,1.0,-1,,
947453,3,0.0,-1,,
947923,3,8.0,-1,,
948702,3,3.0,-1,,
948946,3,8.0,-1,,
949524,3,4.0,-1,,
951813,3,1.0,-1,,
951860,3,4.0,-1,,
952391,3,5.0,-1,,
952415,3,7.0,-1,,
952706,3,7.0,-1,,
953201,3,4.0,-1,,
953758,3,2.0,-1,,
954359,3,6.0,-1,,
954504,3,6.0,-1,,
954823,3,4.0,-1,,
955673,3,1.0,-1,,
956635,3,4.0,-1,,
958274,3,5.0,-1,,
958426,3,0.0,-1,,
960242,3,7.0,-1,,
961543,3,1.0,-1,,
962683,3,6.0,-1,,
963157,3,2.0,-1,,
963515,3,3.0,-1,,
963534,3,7.0,-1,,
964013,3,0.0,-1,,
964681,3,7.0,-1,,
964906,3,4.0,-1,,
965424,3,5.0,-1,,
965844,3,6.0,-1,,
966404,3,2.0,-1,,
967143,3,5.0,-1,,
968213,3,8.0,-1,,
968849,3,1.0,-1,,
969542,3,7.0,-1,,
969688,3,6.0,-1,,
969926,3,8.0,-1,,
972032,3,2.0,-1,,
973471,3,2.0,-1,,
973534,3,3.0,-1,,
973678,3,6.0,-1,,
973719,3,3.0,-1,,
974561,3,8.0,-1,,
974673,3,9.0,-1,,
975065,3,9.0,-1,,
975541,3,1.0,-1,,
976413,3,9.0,-1,,
976892,3,8.0,-1,,
978267,3,6.0,-1,,
978831,3,0.0,-1,,
979026,3,2.0,-1,,
981456,3,8.0,-1,,
981457,3,7.0,-1,,
982407,3,6.0,-1,,
982553,3,4.0,-1,,
982850,3,9.0,-1,,
982943,3,1.0,-1,,
983312,3,4.0,-1,,
984307,3,5.0,-1,,
984410,3,3.0,-1,,
985245,3,9.0,-1,,
985268,3,6.0,-1,,
985856,3,6.0,-1,,
987079,3,9.0,-1,,
987711,3,7.0,-1,,
987743,3,3.0,-1,,
987954,3,0.0,-1,,
988088,3,5.0,-1,,
990410,3,2.0,-1,,
990463,3,5.0,-1,,
990517,3,6.0,-1,,
991463,3,9.0,-1,,
991483,3,2.0,-1,,
992172,3,4.0,-1,,
992254,3,3.0,-1,,
993610,3,1.0,-1,,
994443,3,3.0,-1,,
994467,3,1.0,-1,,
996416,3,2.0,-1,,
996441,3,3.0,-1,,
997351,3,6.0,-1,,
997649,3,4.0,-1,,
997918,3,1.0,-1,,
998822,3,9.0,-1,,
999083,3,4.0,-1,,
999471,3,4.0,-1,,
999599,3,0.0,-1,,
999608,3,7.0,-1,,
1000382,3,6.0,-1,,
1000701,3,0.0,-1,,
1001779,3,8.0,-1,,
1002114,3,9.0,-1,,
1002512,3,1.0,-1,,
1003240,3,2.0,-1,,
1004257,3,3.0,-1,,
1004467,3,0.0,-1,,
1004995,3,6.0,-1,,
1005358,3,5.0,-1,,
1006423,3,6.0,-1,,
1006438,3,2.0,-1,,
1006820,3,2.0,-1,,
1006913,3,6.0,-1,,
1007973,3,9.0,-1,,
1008515,3,5.0,-1,,
1009061,3,8.0,-1,,
1009268,3,6.0,-1,,
1009370,3,7.0,-1,,
1009426,3,4.0,-1,,
1009891,3,5.0,-1,,
1010963,3,9.0,-1,,
1011767,3,5.0,-1,,
1012359,3,3.0,-1,,
1012879,3,2.0,-1,,
1013528,3,9.0,-1,,
1014343,3,0.0,-1,,
1014650,3,4.0,-1,,
1015418,3,1.0,-1,,
1015474,3,4.0,-1,,
1015542,3,8.0,-1,,
1019080,3,3.0,-1,,
1019491,3,1.0,-1,,
1020147,3,3.0,-1,,
1021182,3,9.0,-1,,
1021328,3,5.0,-1,,
1021749,3,2.0,-1,,
